Time,Surge,Sway,YawRate,LeftThrsut,RightThrust,DiffThrust,CrossTrackError,HeadingError,Heading,DesiredHeading
0,0.08000000000000002,0.0,-0.22510624525722137,-30.648905182874813,70.64890518287481,-50.64890518287481,-8.881784197001252e-16,-0.7792139258903817,1.5482857022691745,0.0
1,0.15360000000000001,0.0020009444022864127,-0.2891474603303992,-5.664585654326071,45.664585654326075,-25.66458565432607,0.005656854249490806,-0.7544769758621157,1.5193709562361346,0.0
2,0.2212599288807035,0.006646702422706078,-0.33509794112142965,-4.798792403336751,44.79879240333675,-24.79879240333675,0.016415428852615044,-0.7297400258338496,1.4858611621239917,0.0
3,0.2833586779035086,0.013924817252826056,-0.36694614862690283,-3.932999152347442,43.93299915234744,-23.932999152347442,0.03172949776333578,-0.7050030758055835,1.4491665472613013,0.0
4,0.3402301144457147,0.023466496487051576,-0.3806311074555796,-1.4593041495208254,41.459304149520825,-21.459304149520825,0.051058610660947856,-0.6555291757490512,1.4111034365157433,0.0
5,0.3922078182209203,0.03446602091127868,-0.3905756879891586,-1.3356193993795031,41.3356193993795,-21.335619399379503,0.07386823028221734,-0.6307922257207852,1.3720458677168275,0.0
6,0.43961964967857625,0.04650835549480096,-0.3871112049071966,1.1380756034471133,38.86192439655289,-18.861924396552887,0.09963227364157579,-0.581318325664253,1.333334747226108,0.0
7,0.48282972620624415,0.05869955884421341,-0.3836102990248431,1.2617603535884356,38.738239646411564,-18.738239646411564,0.1278416225272716,-0.556581375635987,1.2949737173236235,0.0
8,0.5221767501308676,0.07080056208316708,-0.3696007312898785,3.735455356415052,36.26454464358495,-16.264544643584948,0.15800412837590372,-0.5071074755794547,1.2580136441946357,0.0
9,0.5580474955634477,0.08201791519459194,-0.35783511618091324,3.859140106556371,36.14085989344363,-16.14085989344363,0.18965681039329318,-0.48237052555118876,1.2222301325765443,0.0
10,0.5907622957992403,0.09235854860086354,-0.344510205360297,4.724933357545696,35.275066642454306,-15.275066642454304,0.22236277657577475,-0.45763357552292255,1.1877791120405146,0.0
11,0.6206376505062274,0.1016316071190629,-0.32282655411531214,7.198628360372306,32.801371639627696,-12.801371639627694,0.2557247949846886,-0.4081596754663903,1.1554964566289834,0.0
12,0.6480337941293389,0.10921352098710368,-0.30509643190001384,7.322313110513621,32.67768688948638,-12.67768688948638,0.28938104187664404,-0.38342272543812445,1.124986813438982,0.0
13,0.6731922315978356,0.11540632332668754,-0.2871732686720163,8.188106361502946,31.811893638497054,-11.811893638497054,0.3230027694505013,-0.35868577540985824,1.0962694865717804,0.0
14,0.6963541080714457,0.12021683368978373,-0.2691288906767584,9.053899612492263,30.946100387507737,-10.946100387507737,0.35630832019002767,-0.3339488253815921,1.0693565975041046,0.0
15,0.7177339353474858,0.12367540311497849,-0.251023336096108,9.919692863481563,30.080307136518435,-10.080307136518437,0.3890544312507753,-0.30921187535332617,1.0442542638944938,0.0
16,0.7375211334142211,0.1258298412072943,-0.2329061366851245,10.785486114470881,29.21451388552912,-9.214513885529119,0.4210345730546905,-0.2844749253250601,1.0209636502259813,0.0
17,0.755881853943507,0.12674033057814518,-0.21481752516399466,11.6512793654602,28.348720634539802,-8.3487206345398,0.45207702729777743,-0.2597379752967939,0.9994818977095818,0.0
18,0.7729609616542328,0.12647524607024824,-0.196789577719375,12.517072616449514,27.482927383550486,-7.482927383550487,0.4820427806662737,-0.23500102526852773,0.9798029399376443,0.0
19,0.7888840737979436,0.1251077839976011,-0.178847288895789,13.382865867438813,26.617134132561187,-6.617134132561187,0.5108233041199233,-0.21026407524026183,0.9619182110480654,0.0
20,0.8037595809752123,0.12271330162592849,-0.16815580164877064,12.640757366590837,27.359242633409163,-7.359242633409164,0.5383382792027058,-0.21026407524026183,0.9451026308831884,0.0
21,0.8176016686724865,0.12000547324349069,-0.1526963240191802,14.248659118428137,25.751340881571863,-5.7513408815718625,0.5645333234874084,-0.18552712521199566,0.9298329984812703,0.0
22,0.8305443396623059,0.11654299036590164,-0.13684340166292522,15.114452369417451,24.88554763058255,-4.885547630582549,0.5893831841604023,-0.1607901751837295,0.9161486583149778,0.0
23,0.8426654599575739,0.11233728205430228,-0.12786059443397688,14.372343868569466,25.627656131430534,-5.627656131430533,0.612870419940827,-0.1607901751837295,0.9033625988715801,0.0
24,0.8539595071115176,0.10808230871525372,-0.1138066763411863,15.980245620406766,24.019754379593234,-4.019754379593235,0.6349947870244819,-0.1360532251554634,0.8919819312374615,0.0
25,0.8645357025932413,0.10326889670464146,-0.10626169754592242,15.238137119558782,24.761862880441218,-4.761862880441218,0.6557782413020092,-0.1360532251554634,0.8813557614828692,0.0
26,0.8743852288417043,0.09855972621915042,-0.09335893836030618,16.84603887139607,23.15396112860393,-3.1539611286039317,0.6752436400393682,-0.11131627512719744,0.8720198676468386,0.0
27,0.8836062817079268,0.0933935076188948,-0.08673655156799821,16.10393037054809,23.89606962945191,-3.8960696294519104,0.6934317915626185,-0.11131627512719744,0.8633462124900387,0.0
28,0.8921887224002194,0.08841899672051741,-0.08172121660960738,16.10393037054809,23.89606962945191,-3.8960696294519104,0.7103805062815214,-0.11131627512719744,0.855174090829078,0.0
29,0.9001633108896957,0.08374855806532236,-0.07080886157020447,17.71183212238539,22.28816787761461,-2.28816787761461,0.726142955073219,-0.08657932509893128,0.8480932046720576,0.0
30,0.9076165334135924,0.07873371515270527,-0.0657493288547958,16.969723621537405,23.030276378462595,-3.030276378462595,0.7407733094549434,-0.08657932509893128,0.841518271786578,0.0
31,0.9145413087368468,0.07399164273392118,-0.06195959443542784,16.969723621537405,23.030276378462595,-3.030276378462595,0.7543177907836318,-0.08657932509893128,0.8353223123430352,0.0
32,0.9209653997421127,0.06960002862610817,-0.05915245313992691,16.969723621537405,23.030276378462595,-3.030276378462595,0.7668350285040288,-0.08657932509893128,0.8294070670290425,0.0
33,0.9269176366438777,0.06559973145253026,-0.05710131345067668,16.969723621537405,23.030276378462595,-3.030276378462595,0.7783822911985165,-0.08657932509893128,0.8236969356839748,0.0
34,0.9324271009378519,0.062005127410827275,-0.04848174035617753,18.577625373374705,21.422374626625295,-1.4223746266252961,0.7890138589919555,-0.061842375070665145,0.8188487616483571,0.0
35,0.9375623823789142,0.05807168551912248,-0.04518663931783562,17.83551687252672,22.16448312747328,-2.16448312747328,0.7987800332226866,-0.061842375070665145,0.8143300977165735,0.0
36,0.9423212260008692,0.05439080796752997,-0.042748576783232364,17.83551687252672,22.16448312747328,-2.16448312747328,0.8077195705534743,-0.061842375070665145,0.8100552400382502,0.0
37,0.9467262662540364,0.051010234737127624,-0.04097053610731602,17.83551687252672,22.16448312747328,-2.16448312747328,0.81588231234978,-0.061842375070665145,0.8059581864275186,0.0
38,0.9508000724539409,0.04795185446124313,-0.03969727794359285,17.83551687252672,22.16448312747328,-2.16448312747328,0.8233158989450953,-0.061842375070665145,0.8019884586331593,0.0
39,0.9545647464291244,0.04521927267739605,-0.038806969830229354,17.83551687252672,22.16448312747328,-2.16448312747328,0.8300647803474535,-0.061842375070665145,0.7981077616501363,0.0
40,0.9580416326492461,0.04280357388129168,-0.031058200294597254,19.44341862436402,20.55658137563598,-0.5565813756359805,0.8361696637772802,-0.037105425042399,0.7950019416206766,0.0
41,0.9612786558599228,0.03992695197814769,-0.028409532798524553,18.701310123516034,21.298689876483966,-1.298689876483965,0.8416672751034922,-0.037105425042399,0.7921609883408242,0.0
42,0.9642742758464699,0.03719411197043459,-0.026446742489516815,18.701310123516034,21.298689876483966,-1.298689876483965,0.8465829626853312,-0.037105425042399,0.7895163140918725,0.0
43,0.9670438040996255,0.03465517507054702,-0.025013298224884656,18.701310123516034,21.298689876483966,-1.298689876483965,0.8509544056691949,-0.037105425042399,0.787014984269384,0.0
44,0.9696022841510388,0.03233708923463144,-0.02398551761365531,18.701310123516034,21.298689876483966,-1.298689876483965,0.8548181358758438,-0.037105425042399,0.7846164325080185,0.0
45,0.9719642954548486,0.030250222196823027,-0.0232660940548201,18.701310123516034,21.298689876483966,-1.298689876483965,0.8582086078254214,-0.037105425042399,0.7822898231025365,0.0
46,0.9741438094121279,0.028393391514612974,-0.022778837941644828,18.701310123516034,21.298689876483966,-1.298689876483965,0.8611576476772242,-0.037105425042399,0.780011939308372,0.0
47,0.9761540954974044,0.026757664292108366,-0.02246441242149786,18.701310123516034,21.298689876483966,-1.298689876483965,0.863694176554171,-0.037105425042399,0.7777654980662222,0.0
48,0.9780076692890636,0.025329193693046925,-0.022276883053512768,18.701310123516034,21.298689876483966,-1.298689876483965,0.8658441282414753,-0.037105425042399,0.7755378097608709,0.0
49,0.979716272752222,0.024091305990072486,-0.02218093272641244,18.701310123516034,21.298689876483966,-1.298689876483965,0.8676305005551592,-0.037105425042399,0.7733197164882297,0.0
50,0.9812908778446731,0.023026008540049634,-0.01500338954451614,20.30921187535332,19.69078812464668,0.30921187535332023,0.8690734948020413,-0.012368475014133072,0.7718193775337782,0.0
51,0.9827565154812788,0.021335883895018448,-0.012756428272617535,19.567103374505344,20.432896625494656,-0.4328966254946575,0.8701907095379529,-0.012368475014133072,0.7705437347065164,0.0
52,0.9841114989722479,0.01964697433231406,-0.011069059624923909,19.567103374505344,20.432896625494656,-0.4328966254946575,0.8709896782117887,-0.012368475014133072,0.769436828744024,0.0
53,0.985363006436738,0.018019432357612813,-0.009817149400826591,19.567103374505344,20.432896625494656,-0.4328966254946575,0.8714923712408522,-0.012368475014133072,0.7684551138039413,0.0
54,0.9865180449704374,0.016491453889095085,-0.008901927793871719,19.567103374505344,20.432896625494656,-0.4328966254946575,0.8717213808561866,-0.012368475014133072,0.7675649210245541,0.0
55,0.9875833888569461,0.01508512303885672,-0.008245146736343507,19.567103374505344,20.432896625494656,-0.4328966254946575,0.8716989070962411,-0.012368475014133072,0.7667404063509198,0.0
56,0.9885655236336212,0.01381091303941085,-0.00778510591076053,19.567103374505344,20.432896625494656,-0.4328966254946575,0.8714460914891609,-0.012368475014133072,0.7659618957598437,0.0
57,0.9894706049950652,0.012671124189408637,-0.007473400989061715,19.567103374505344,20.432896625494656,-0.4328966254946575,0.8709826078866101,-0.012368475014133072,0.7652145556609375,0.0
58,0.9903044339201755,0.011662485206273792,-0.00727227077451826,19.567103374505344,20.432896625494656,-0.4328966254946575,0.8703264405083715,-0.012368475014133072,0.7644873285834857,0.0
59,0.9910724460590323,0.010778099786775748,-0.007152439648664476,19.567103374505344,20.432896625494656,-0.4328966254946575,0.8694937955695234,-0.012368475014133072,0.7637720846186192,0.0
60,0.991779712300567,0.010008883801784975,-0.007091368517102393,19.567103374505344,20.432896625494656,-0.4328966254946575,0.8684991057211997,-0.012368475014133072,0.763062947766909,0.0
61,0.9924309474150081,0.009344608966828157,-0.007071841704486108,19.567103374505344,20.432896625494656,-0.4328966254946575,0.867355096621262,-0.012368475014133072,0.7623557635964604,0.0
62,0.9930305240982211,0.008774644845258769,-0.007080829323088704,19.567103374505344,20.432896625494656,-0.4328966254946575,0.8660728928162174,-0.012368475014133072,0.7616476806641516,0.0
63,0.9935824903117366,0.00828847166247215,-0.00710857483980587,19.567103374505344,20.432896625494656,-0.4328966254946575,0.8646621462104971,-0.012368475014133072,0.760936823180171,0.0
64,0.9940905883568969,0.007876020810326359,-0.007147866162222397,19.567103374505344,20.432896625494656,-0.4328966254946575,0.8631311750885446,-0.012368475014133072,0.7602220365639487,0.0
65,0.9945582745815073,0.007527887413134776,-0.0071934557890659485,19.567103374505344,20.432896625494656,-0.4328966254946575,0.8614871052336106,-0.012368475014133072,0.7595026909850421,0.0
66,0.9949887389777105,0.007235449339887729,-0.007241601626403427,19.567103374505344,20.432896625494656,-0.4328966254946575,0.8597360073921285,-0.012368475014133072,0.7587785308224018,0.0
67,0.9953849241977399,0.006990919109729955,-0.007289705133303657,19.567103374505344,20.432896625494656,-0.4328966254946575,0.8578830273543376,-0.012368475014133072,0.7580495603090714,0.0
68,0.9957495437054179,0.006787348859606444,-0.0073360276803934995,19.567103374505344,20.432896625494656,-0.4328966254946575,0.8559325064127257,-0.012368475014133072,0.7573159575410321,0.0
69,0.9960850989128646,0.00661860360381464,-0.007379469511766654,19.567103374505344,20.432896625494656,-0.4328966254946575,0.8538880910409117,-0.012368475014133072,0.7565780105898554,0.0
70,0.99639389523932,0.006479314151991698,-0.007419398606706954,19.567103374505344,20.432896625494656,-0.4328966254946575,0.8517528314028069,-0.012368475014133072,0.7558360707291847,0.0
71,0.9966780570848791,0.006364818049822888,-0.007455519138289724,19.567103374505344,20.432896625494656,-0.4328966254946575,0.8495292688309211,-0.012368475014133072,0.7550905188153557,0.0
72,0.9969395417460384,0.006271094590327331,-0.007487771202809138,19.567103374505344,20.432896625494656,-0.4328966254946575,0.8472195127628233,-0.012368475014133072,0.7543417416950748,0.0
73,0.9971801523194218,0.006194698170794242,-0.0075162551167119885,19.567103374505344,20.432896625494656,-0.4328966254946575,0.8448253078422603,-0.012368475014133072,0.7535901161834037,0.0
74,0.997401549650004,0.006132692926363351,-0.00754117490536241,19.567103374505344,20.432896625494656,-0.4328966254946575,0.8423480920121524,-0.012368475014133072,0.7528359986928674,0.0
75,0.9976052633841038,0.006082590563309777,-0.007562796690506924,19.567103374505344,20.432896625494656,-0.4328966254946575,0.8397890464779136,-0.012368475014133072,0.7520797190238168,0.0
76,0.9977927021877552,0.006042292569093208,-0.007581418562927255,19.567103374505344,20.432896625494656,-0.4328966254946575,0.8371491384225527,-0.012368475014133072,0.751321577167524,0.0
77,0.9979651631893206,0.006010037432926366,-0.00045111923075670524,21.17500512634264,18.82499487365736,1.1750051263426418,0.8344291573252627,0.012368475014133072,0.7512764652444484,0.0
78,0.9981277061222632,0.005191943278919219,0.0017952555259626757,20.432896625494656,19.567103374505344,0.4328966254946575,0.831629745684769,0.012368475014133072,0.7514559907970446,0.0
79,0.9982783285103197,0.0042428965519606164,0.0035122290199955373,20.432896625494656,19.567103374505344,0.4328966254946575,0.8287435174127453,0.012368475014133072,0.7518072136990441,0.0
80,0.99841740341169,0.0032404579260744623,0.004812592450266611,20.432896625494656,19.567103374505344,0.4328966254946575,0.8257798397229137,0.012368475014133072,0.7522884729440708,0.0
81,0.9985454146890564,0.0022385055525443853,0.005786939485310137,20.432896625494656,19.567103374505344,0.4328966254946575,0.8227505545078135,0.012368475014133072,0.7528671668926018,0.0
82,0.9986629473825872,0.0012731078740502535,-0.0006385050560872123,18.82499487365736,21.17500512634264,-1.1750051263426418,0.8196687334470818,-0.012368475014133072,0.752803316386993,0.0
83,0.998769838432257,0.0011600646634908546,-0.0023735109472353792,19.567103374505344,20.432896625494656,-0.4328966254946575,0.8165477997675206,-0.012368475014133072,0.7525659652922695,0.0
84,0.9988680035493204,0.0012558987837963393,0.003419093439470354,21.17500512634264,18.82499487365736,1.1750051263426418,0.8134088460255962,0.012368475014133072,0.7529078746362166,0.0
85,0.998958949728551,0.000695021955266609,0.004629742014780254,20.432896625494656,19.567103374505344,0.4328966254946575,0.8102554541627964,0.012368475014133072,0.7533708488376946,0.0
86,0.9990425233497783,8.074964832820663e-05,-0.0015956197943800014,18.82499487365736,21.17500512634264,-1.1750051263426418,0.8070798442013745,-0.012368475014133072,0.7532112868582566,0.0
87,0.9991191098856796,0.0002462071464234936,0.003984195252280081,21.17500512634264,18.82499487365736,1.1750051263426418,0.8038887970904582,0.012368475014133072,0.7536097063834846,0.0
88,0.9991896693791862,-0.0002316545096231028,-0.0021143157258612212,18.82499487365736,21.17500512634264,-1.1750051263426418,0.8006981079480227,-0.012368475014133072,0.7533982748108985,0.0
89,0.9992545399100208,3.6540300776510685e-05,0.00356920437500558,21.17500512634264,18.82499487365736,1.1750051263426418,0.7974992193280213,0.012368475014133072,0.7537551952483991,0.0
90,0.9993141884550012,-0.0003650203732902113,-0.002444844823131816,18.82499487365736,21.17500512634264,-1.1750051263426418,0.7943058137853081,-0.012368475014133072,0.7535107107660859,0.0
91,0.9993691336962364,-4.083208377869387e-05,0.00330718903100906,21.17500512634264,18.82499487365736,1.1750051263426418,0.7911077309851038,0.012368475014133072,0.7538414296691868,0.0
92,0.9994195908469897,-0.0004021677424427959,0.004494731792087264,20.432896625494656,19.567103374505344,0.4328966254946575,0.7879174562840556,0.012368475014133072,0.7542909028483955,0.0
93,0.9994658608919782,-0.0008432016250471487,-0.001741228957329196,18.82499487365736,21.17500512634264,-1.1750051263426418,0.7847239411624889,-0.012368475014133072,0.7541167799526626,0.0
94,0.9995087241592577,-0.0005280392904462198,0.0038367428081155716,21.17500512634264,18.82499487365736,1.1750051263426418,0.7815310986950821,0.012368475014133072,0.7545004542334741,0.0
95,0.9995478438909317,-0.0008778622717225217,-0.0022576591136366534,18.82499487365736,21.17500512634264,-1.1750051263426418,0.7783522289178881,-0.012368475014133072,0.7542746883221104,0.0
96,0.9995841947518954,-0.0005003223547763542,0.0034337892012523573,21.17500512634264,18.82499487365736,1.1750051263426418,0.7751766021051987,0.012368475014133072,0.7546180672422357,0.0
97,0.9996173045516089,-0.0008094270606066133,-0.002570042824182696,18.82499487365736,21.17500512634264,-1.1750051263426418,0.7720160429630898,-0.012368475014133072,0.7543610629598174,0.0
98,0.999648107411079,-0.0004070587873532457,0.0031933555021009426,21.17500512634264,18.82499487365736,1.1750051263426418,0.76885879273794,0.012368475014133072,0.7546803985100276,0.0
99,0.999676141828685,-0.0007029538273984395,0.0043926350021146615,20.432896625494656,19.567103374505344,0.4328966254946575,0.7657159866945862,0.012368475014133072,0.7551196620102391,0.0
100,0.9997017725786274,-0.001089328542482623,-0.001831778010620973,18.82499487365736,21.17500512634264,-1.1750051263426418,0.7625754257042403,-0.012368475014133072,0.7549364842091769,0.0
101,0.9997258103590635,-0.0007285108947697619,0.0037571953060457778,21.17500512634264,18.82499487365736,1.1750051263426418,0.7594400581196346,0.012368475014133072,0.7553122037397815,0.0
102,0.9997474991861441,-0.0010406332235267835,-0.0023269564769920212,18.82499487365736,21.17500512634264,-1.1750051263426418,0.7563223790820786,-0.012368475014133072,0.7550795080920822,0.0
103,0.9997679171869924,-0.0006318341002853843,0.003373857728944201,21.17500512634264,18.82499487365736,1.1750051263426418,0.7532109803047118,0.012368475014133072,0.7554168938649767,0.0
104,0.9997862919573804,-0.0009153552540832489,-0.0026215292709532816,18.82499487365736,21.17500512634264,-1.1750051263426418,0.7501171284087533,-0.012368475014133072,0.7551547409378814,0.0
105,0.9998036045675432,-0.0004919184919307666,0.003149382993918307,21.17500512634264,18.82499487365736,1.1750051263426418,0.7470285968319113,0.012368475014133072,0.7554696792372732,0.0
106,0.9998191767705639,-0.0007707263174833497,0.0043552894833428675,20.432896625494656,19.567103374505344,0.4328966254946575,0.7439561401305776,0.012368475014133072,0.7559052081856075,0.0
107,0.9998333405226585,-0.0011432327322727948,-0.0018633378875251181,18.82499487365736,21.17500512634264,-1.1750051263426418,0.7408872414629322,-0.012368475014133072,0.7557188743968549,0.0
108,0.9998468650014436,-0.0007710960770993163,0.0037306473081994878,21.17500512634264,18.82499487365736,1.1750051263426418,0.7378245913907282,0.012368475014133072,0.7560919391276749,0.0
109,0.9998588568994528,-0.0010741684232437854,-0.002349185173490008,18.82499487365736,21.17500512634264,-1.1750051263426418,0.7347804769714723,-0.012368475014133072,0.7558570206103259,0.0
110,0.9998703754553445,-0.0006580270285295873,0.0033553225817053558,21.17500512634264,18.82499487365736,1.1750051263426418,0.7317433168830332,0.012368475014133072,0.7561925528684964,0.0
111,0.9998805467085516,-0.0009357439743579281,0.0045093121312257635,20.432896625494656,19.567103374505344,0.4328966254946575,0.7287242411286201,0.012368475014133072,0.756643484081619,0.0
112,0.9998897232113185,-0.001301555786845063,-0.0017496552815568882,18.82499487365736,21.17500512634264,-1.1750051263426418,0.7257109095774521,-0.012368475014133072,0.7564685185534633,0.0
113,0.9998987503090692,-0.0009191685803906496,0.003813201555295168,21.17500512634264,18.82499487365736,1.1750051263426418,0.7227060531637568,0.012368475014133072,0.7568498387089928,0.0
114,0.9999065348365882,-0.001210045948758249,-0.0022904614079546012,18.82499487365736,21.17500512634264,-1.1750051263426418,0.7197219066684539,-0.012368475014133072,0.7566207925681974,0.0
115,0.9999142614903804,-0.0007807896084259663,0.003395962694164972,21.17500512634264,18.82499487365736,1.1750051263426418,0.7167467734711741,0.012368475014133072,0.7569603888376139,0.0
116,0.9999208819332356,-0.001045305723807199,-0.0026098563425311482,18.82499487365736,21.17500512634264,-1.1750051263426418,0.7137916336310655,-0.012368475014133072,0.7566994032033607,0.0
117,0.9999274569073763,-0.0006043560241747374,0.0031536447758045757,21.17500512634264,18.82499487365736,1.1750051263426418,0.7108439761126415,0.012368475014133072,0.7570147676809411,0.0
118,0.9999330888216065,-0.0008674397096449978,0.004354437895145747,20.432896625494656,19.567103374505344,0.4328966254946575,0.7079142914692647,0.012368475014133072,0.7574502114704557,0.0
119,0.999938101766767,-0.0012259369220934916,-0.0018675852233810356,18.82499487365736,21.17500512634264,-1.1750051263426418,0.7049898138438218,-0.012368475014133072,0.7572634529481176,0.0
120,0.9999432596841769,-0.0008413605196627321,0.0037242764604204105,21.17500512634264,18.82499487365736,1.1750051263426418,0.7020730096203578,0.012368475014133072,0.7576358805941596,0.0
121,0.9999475168981167,-0.0011336156828000968,-0.002356745269366271,18.82499487365736,21.17500512634264,-1.1750051263426418,0.6991759665949582,-0.012368475014133072,0.757400206067223,0.0
122,0.9999519559941731,-0.0007080243530551732,0.003347237345084903,21.17500512634264,18.82499487365736,1.1750051263426418,0.6962869227295925,0.012368475014133072,0.7577349298017315,0.0
123,0.9999555862213392,-0.000977651560991025,-0.0026450600463356613,18.82499487365736,21.17500512634264,-1.1750051263426418,0.6934168525780495,-0.012368475014133072,0.757470423797098,0.0
124,0.9999593720588695,-0.0005425527167118527,0.0031287683721584044,21.17500512634264,18.82499487365736,1.1750051263426418,0.6905532771248739,0.012368475014133072,0.7577833006343138,0.0
125,0.9999624695171997,-0.0008118107972691595,0.004337377785213824,20.432896625494656,19.567103374505344,0.4328966254946575,0.6877067455273389,0.012368475014133072,0.7582170384128352,0.0
126,0.9999651550541131,-0.0011764620155893318,-0.0018787948889349808,18.82499487365736,21.17500512634264,-1.1750051263426418,0.6848645637122488,-0.012368475014133072,0.7580291589239416,0.0
127,0.999968141579558,-0.0007977808997343457,0.003717388943394375,21.17500512634264,18.82499487365736,1.1750051263426418,0.6820292778537071,0.012368475014133072,0.758400897818281,0.0
128,0.9999704233436227,-0.0010955759379121036,-0.002360488993834442,18.82499487365736,21.17500512634264,-1.1750051263426418,0.6792130580484168,-0.012368475014133072,0.7581648489188976,0.0
129,0.9999730222246778,-0.0006750572826067342,0.0033457334354131283,21.17500512634264,18.82499487365736,1.1750051263426418,0.6764042215975138,0.012368475014133072,0.7584994222624389,0.0
130,0.9999749771761486,-0.0009492871390044525,-0.0026450093366112643,18.82499487365736,21.17500512634264,-1.1750051263426418,0.6736138195286507,-0.012368475014133072,0.7582349213287778,0.0
131,0.9999772049806578,-0.000518285313258415,0.0031298576187822466,21.17500512634264,18.82499487365736,1.1750051263426418,0.6708294427029818,0.012368475014133072,0.758547907090656,0.0
132,0.9999788825878739,-0.0007911759095230093,0.004339123390920418,20.432896625494656,19.567103374505344,0.4328966254946575,0.6680617050191855,0.012368475014133072,0.7589818194297481,0.0
133,0.9999802630099535,-0.0011590095847989642,-0.0018766734501378998,18.82499487365736,21.17500512634264,-1.1750051263426418,0.665297969619619,-0.012368475014133072,0.7587941520847343,0.0
134,0.9999820377265837,-0.0007830819325221478,0.0037196846666215765,21.17500512634264,18.82499487365736,1.1750051263426418,0.662540834054644,0.012368475014133072,0.7591661205513965,0.0
135,0.9999832125548499,-0.00108326097033879,-0.0023581594455057055,18.82499487365736,21.17500512634264,-1.1750051263426418,0.6598025140376919,-0.012368475014133072,0.758930304606846,0.0
136,0.99998478545565,-0.0006647766237305914,0.003348000889642307,21.17500512634264,18.82499487365736,1.1750051263426418,0.6570713657926814,0.012368475014133072,0.7592651046958102,0.0
137,0.9999858023086524,-0.0009407477726733158,-0.0026428652958550196,18.82499487365736,21.17500512634264,-1.1750051263426418,0.6543584748226127,-0.012368475014133072,0.7590008181662247,0.0
138,0.9999871618882279,-0.0005112144529239172,0.0031318410937753545,21.17500512634264,18.82499487365736,1.1750051263426418,0.6516514608392183,0.012368475014133072,0.7593140022756022,0.0
139,0.9999880448433508,-0.0007853502415959448,0.004340927782916503,20.432896625494656,19.567103374505344,0.4328966254946575,0.6489609631254745,0.012368475014133072,0.7597480950538938,0.0
140,0.9999886944325013,-0.0011542303051926255,-0.0018750545397215193,18.82499487365736,21.17500512634264,-1.1750051263426418,0.6462743656622024,-0.012368475014133072,0.7595605895999217,0.0
141,0.9999897936599308,-0.0007791711120908177,-0.039156259583401895,11.527594615318872,28.472405384681128,-8.472405384681128,0.6435942840156953,-0.1360532251554634,0.7556449636415815,0.0
142,0.9999933560155055,0.0036840269309112734,-0.16598724161450368,-10.48829090983795,50.48829090983795,-30.48829090983795,0.6409329493669786,-0.5318444256077208,0.7390462394801312,0.0
143,0.9999388524021185,0.021594794018428995,-0.21169609848158188,1.3854451037297721,38.61455489627023,-18.614554896270228,0.6383263277624733,-0.5318444256077208,0.717876629631973,0.0
144,0.9995323061822398,0.04199589641284246,-0.2394378878480194,2.9933468555670686,37.00665314443293,-17.00665314443293,0.635850238303139,-0.5071074755794547,0.693932840847171,0.0
145,0.9986647349014768,0.06252158962300247,-0.25641194728999717,3.859140106556371,36.14085989344363,-16.14085989344363,0.633296389969521,-0.48237052555118876,0.6682916461181713,0.0
146,0.9973287406804976,0.08194286771811728,-0.26500817716511044,4.724933357545696,35.275066642454306,-15.275066642454304,0.6304008262798255,-0.45763357552292255,0.6417908284016602,0.0
147,0.9955880437255484,0.09947337255906853,-0.26713187223607626,5.590726608535007,34.40927339146499,-14.409273391464993,0.6268862964544439,-0.43289662549465646,0.6150776411780526,0.0
148,0.9935494744850639,0.11465536297789844,-0.26429453457132657,6.456519859524324,33.54348014047568,-13.543480140475676,0.6224829549672894,-0.4081596754663903,0.58864818772092,0.0
149,0.9913382658047672,0.12727066565138156,-0.25768858804083844,7.322313110513621,32.67768688948638,-12.67768688948638,0.6169421016229589,-0.38342272543812445,0.5628793289168361,0.0
150,0.9890795467086209,0.13727118705574687,-0.24824886312972572,8.188106361502946,31.811893638497054,-11.811893638497054,0.6100446434457251,-0.35868577540985824,0.5380544426038636,0.0
151,0.986886215520496,0.14472511259383672,-0.23670318699095985,9.053899612492263,30.946100387507737,-10.946100387507737,0.601605610537275,-0.3339488253815921,0.5143841239047676,0.0
152,0.9848521976938835,0.14977583104263237,-0.2236139468345874,9.919692863481563,30.080307136518435,-10.080307136518437,0.5914757931740696,-0.30921187535332617,0.49202272922130885,0.0
153,0.9830497450535842,0.15261117622259066,-0.20941212938615056,10.785486114470881,29.21451388552912,-9.214513885529119,0.5795413529500957,-0.2844749253250601,0.4710815162826938,0.0
154,0.9815294886250167,0.15344095525757018,-0.19442506723614786,11.6512793654602,28.348720634539802,-8.3487206345398,0.5657220801096692,-0.2597379752967939,0.451639009559079,0.0
155,0.9803221804111695,0.15248103247816344,-0.17889892131989135,12.517072616449514,27.482927383550486,-7.482927383550487,0.5499688154255894,-0.23500102526852773,0.4337491174270898,0.0
156,0.9794413236773881,0.14994250341148674,-0.16301677427387856,13.382865867438813,26.617134132561187,-6.617134132561187,0.5322604253877412,-0.21026407524026183,0.41744743999970196,0.0
157,0.978886134892255,0.14602473793831927,-0.154059314509026,12.640757366590837,27.359242633409163,-7.359242633409164,0.5126006125907482,-0.21026407524026183,0.4020415085487994,0.0
158,0.9785505617083422,0.14168855656099436,-0.14009129330218792,14.248659118428137,25.751340881571863,-5.7513408815718625,0.49101475739060546,-0.18552712521199566,0.3880323792185806,0.0
159,0.9784800767895473,0.13645425547455117,-0.1255382762372388,15.114452369417451,24.88554763058255,-4.885547630582549,0.4675538847588381,-0.1607901751837295,0.3754785515948567,0.0
160,0.9786599497648075,0.1303927188140761,-0.11770758393995108,14.372343868569466,25.627656131430534,-5.627656131430533,0.44226983699771416,-0.1607901751837295,0.3637077932008616,0.0
161,0.978985814713076,0.12435773700599949,-0.10468961691281038,15.980245620406766,24.019754379593234,-4.019754379593235,0.4152257594135176,-0.1360532251554634,0.3532388315095806,0.0
162,0.9794952427897727,0.11778269165017595,-0.09808003853123227,15.238137119558782,24.761862880441218,-4.761862880441218,0.3865019238554741,-0.1360532251554634,0.3434308276564573,0.0
163,0.9800959315824084,0.1114439618733705,-0.08602920586792695,16.84603887139607,23.15396112860393,-3.1539611286039317,0.35617288708691486,-0.11131627512719744,0.33482790706966464,0.0
164,0.980825387857329,0.10471504234370817,-0.08018207056033999,16.10393037054809,23.89606962945191,-3.8960696294519104,0.32432591495773044,-0.11131627512719744,0.32680970001363063,0.0
165,0.9816036926264887,0.09832782627812245,-0.06872949833554182,17.71183212238539,22.28816787761461,-2.28816787761461,0.2910394707912032,-0.08657932509893128,0.31993675018007645,0.0
166,0.9824671752208428,0.09162104352223076,-0.06334939529997588,16.969723621537405,23.030276378462595,-3.030276378462595,0.2564024007114218,-0.08657932509893128,0.31360181065007886,0.0
167,0.9833474288098256,0.08530230406372141,-0.059405770329441956,16.969723621537405,23.030276378462595,-3.030276378462595,0.22049320795088673,-0.08657932509893128,0.30766123361713466,0.0
168,0.9842235640874992,0.07947158364450874,-0.049419419657063035,18.577625373374705,21.422374626625295,-1.4223746266252961,0.18339966431627064,-0.061842375070665145,0.30271929165142836,0.0
169,0.9851322094016347,0.07339677237919197,-0.04516029565914226,17.83551687252672,22.16448312747328,-2.16448312747328,0.14520532840972056,-0.061842375070665145,0.2982032620855141,0.0
170,0.9860233168548075,0.06773822323996667,-0.04206661702229328,17.83551687252672,22.16448312747328,-2.16448312747328,0.10598120978348735,-0.061842375070665145,0.2939966003832848,0.0
171,0.9868849948958903,0.062562553799214,-0.03271841685139085,19.44341862436402,20.55658137563598,-0.5565813756359805,0.06580631087472233,-0.037105425042399,0.2907247586981457,0.0
172,0.9877499700099149,0.057113442100148244,-0.02893287012853602,18.701310123516034,21.298689876483966,-1.298689876483965,0.024754918731866304,-0.037105425042399,0.28783147168529205,0.0
173,0.9885812513868628,0.05203910508587819,-0.02618589841317585,18.701310123516034,21.298689876483966,-1.298689876483965,-0.017111251385886206,-0.037105425042399,0.2852128818439745,0.0
174,0.9893721091111776,0.04739866637591652,-0.024233398823256255,18.701310123516034,21.298689876483966,-1.298689876483965,-0.05972219825132652,-0.037105425042399,0.28278954196164885,0.0
175,0.9901189636115454,0.04321617555547273,-0.022883305257224432,18.701310123516034,21.298689876483966,-1.298689876483965,-0.10301210704359542,-0.037105425042399,0.2805012114359264,0.0
176,0.9908204429182661,0.03949130514026997,-0.014839067792854646,20.30921187535332,19.69078812464668,0.30921187535332023,-0.14692028451766914,-0.012368475014133072,0.27901730465664093,0.0
177,0.9915020662109264,0.03542065570034324,-0.01201626763921495,19.567103374505344,20.432896625494656,-0.4328966254946575,-0.19139160368940178,-0.012368475014133072,0.27781567789271944,0.0
178,0.9921435947469557,0.03162813367611867,-0.009969243043312467,19.567103374505344,20.432896625494656,-0.4328966254946575,-0.2363834317820801,-0.012368475014133072,0.2768187535883882,0.0
179,0.9927437293975531,0.028158616659556875,-0.008515631434383665,19.567103374505344,20.432896625494656,-0.4328966254946575,-0.28184410106284663,-0.012368475014133072,0.27596719044494983,0.0
180,0.993302650089643,0.025030576442992558,-0.007511909817190044,19.567103374505344,20.432896625494656,-0.4328966254946575,-0.3277249825607811,-0.012368475014133072,0.27521599946323083,0.0
181,0.9938215156135095,0.022244115393299107,0.0003004980338600664,21.17500512634264,18.82499487365736,1.1750051263426418,-0.373981196322574,0.012368475014133072,0.27524604926661683,0.0
182,0.9943163959525934,0.018997894124105935,0.0029764716386692773,20.432896625494656,19.567103374505344,0.4328966254946575,-0.420571955577834,0.012368475014133072,0.27554369643048376,0.0
183,0.9947761734787608,0.015924914467022107,0.004938645077317909,20.432896625494656,19.567103374505344,0.4328966254946575,-0.46746752963002836,0.012368475014133072,0.2760375609382156,0.0
184,0.9952011578754995,0.013078777215987355,0.006351883968870951,20.432896625494656,19.567103374505344,0.4328966254946575,-0.514627652224221,0.012368475014133072,0.27667274933510266,0.0
185,0.9955925419842393,0.010487242475843492,0.0073464138012812995,20.432896625494656,19.567103374505344,0.4328966254946575,-0.5620137120474804,0.012368475014133072,0.2774073907152308,0.0
186,0.9959520725515577,0.00815974803034546,0.008024566862266526,20.432896625494656,19.567103374505344,0.4328966254946575,-0.6095895665825619,0.012368475014133072,0.27820984740145743,0.0
187,0.9962817998073615,0.00609310842620635,0.015612534346287142,22.040798377331956,17.959201622668044,2.0407983773319573,-0.6573220018055745,0.03710542504239922,0.27977110083608614,0.0
188,0.9965878174205848,0.003484716784857298,0.018139868869607,21.298689876483973,18.701310123516027,1.2986898764839727,-0.7051809377911358,0.03710542504239922,0.28158508772304686,0.0
189,0.9968664811344352,0.0009727052131493271,0.02000936510128791,21.298689876483973,18.701310123516027,1.2986898764839727,-0.7531464123268428,0.03710542504239922,0.28358602423317564,0.0
190,0.9971189143329175,-0.0013840928041116926,0.02137070776030134,21.298689876483973,18.701310123516027,1.2986898764839727,-0.8011867848747218,0.03710542504239922,0.2857230950092058,0.0
191,0.9973467390724294,-0.0035518501680153066,0.022342501593712333,21.298689876483973,18.701310123516027,1.2986898764839727,-0.8492710506693408,0.03710542504239922,0.287957345168577,0.0
192,0.9975518577970115,-0.005514718600103046,0.023018255276418216,21.298689876483973,18.701310123516027,1.2986898764839727,-0.8973697176198412,0.03710542504239922,0.2902591706962188,0.0
193,0.9977362846452043,-0.007269470726114479,0.023471293636966623,21.298689876483973,18.701310123516027,1.2986898764839727,-0.9454553425426189,0.03710542504239922,0.2926063000599155,0.0
194,0.997902025724208,-0.008821453988916133,0.02375877543854686,21.298689876483973,18.701310123516027,1.2986898764839727,-0.9935028194770961,0.03710542504239922,0.2949821776037702,0.0
195,0.9980510008412786,-0.010181569539278523,0.031071197511209733,22.90659162832126,17.09340837167874,2.906591628321258,-1.0414894910836197,0.061842375070665145,0.2980892973548912,0.0
196,0.9981784489537447,-0.012156525025093838,0.03341005175419948,22.16448312747328,17.83551687252672,2.16448312747328,-1.089395137077049,0.061842375070665145,0.30143030253031117,0.0
197,0.9582876195257236,-0.014106048481410415,0.035156099290398785,12.16448312747328,7.8355168725267195,2.16448312747328,-1.1372089600023096,0.061842375070665145,0.30494591245935104,0.0
198,0.921579977735975,-0.015811803111962935,0.03646290402870381,12.16448312747328,7.8355168725267195,2.16448312747328,-1.183046209023588,0.061842375070665145,0.30859220286222144,0.0
199,0.8878016905337517,-0.017261596249452938,0.03744026365702538,12.16448312747328,7.8355168725267195,2.16448312747328,-1.2270419861067212,0.061842375070665145,0.312336229227924,0.0
200,0.8567193902067267,-0.018461535609947125,0.03817254213936116,12.16448312747328,7.8355168725267195,2.16448312747328,-1.269320720862426,0.061842375070665145,0.3161534834418601,0.0
201,0.8281184138530461,-0.019428553468985216,0.038723889062716454,12.16448312747328,7.8355168725267195,2.16448312747328,-1.3099974668534695,0.061842375070665145,0.32002587234813173,0.0
202,0.801801229321376,-0.020185314144447138,0.03914261121228311,12.16448312747328,7.8355168725267195,2.16448312747328,-1.3491788886125746,0.061842375070665145,0.32394013346936007,0.0
203,0.7775860214443281,-0.02075683474456669,0.039464748187388266,12.16448312747328,7.8355168725267195,2.16448312747328,-1.386964032148054,0.061842375070665145,0.3278866082880989,0.0
204,0.7553054150357092,-0.021168318229277446,0.03971694306241268,12.16448312747328,7.8355168725267195,2.16448312747328,-1.423444944844424,0.061842375070665145,0.3318583025943402,0.0
205,0.7348053151527669,-0.021443830281015732,0.039918712378581016,12.16448312747328,7.8355168725267195,2.16448312747328,-1.4587071909492877,0.061842375070665145,0.3358501738321983,0.0
206,0.7159438490321501,-0.021605552799295224,0.040084218325158176,12.16448312747328,7.8355168725267195,2.16448312747328,-1.4928302945624443,0.061842375070665145,0.3398585956647141,0.0
207,0.6985903973569882,-0.021673422900859114,0.047369866952370235,13.772384879310579,6.227615120689421,3.7723848793105788,-1.5258881318410091,0.08657932509893128,0.34459558235995114,0.0
208,0.6826107655240997,-0.02221972116817991,0.04975035282588478,13.030276378462595,6.969723621537405,3.030276378462595,-1.557949286939734,0.08657932509893128,0.3495706176425396,0.0
209,0.6679024147750688,-0.022783553269172953,0.05160085755121291,13.030276378462595,6.969723621537405,3.030276378462595,-1.5890835036006632,0.08657932509893128,0.3547307033976609,0.0
210,0.6543644130132555,-0.02332196639283902,0.053038295694272056,13.030276378462595,6.969723621537405,3.030276378462595,-1.6193450978681345,0.08657932509893128,0.3600345329670881,0.0
211,0.6419039338107208,-0.023809501606007363,0.05415467815356517,13.030276378462595,6.969723621537405,3.030276378462595,-1.6487825712319442,0.08657932509893128,0.3654500007824446,0.0
212,0.6304355734751808,-0.024232807034142632,0.05502214792212634,13.030276378462595,6.969723621537405,3.030276378462595,-1.6774396484373604,0.08657932509893128,0.37095221557465724,0.0
213,0.6198807268987783,-0.024586725949113358,0.05569707585854376,13.030276378462595,6.969723621537405,3.030276378462595,-1.7053560559507084,0.08657932509893128,0.37652192316051164,0.0
214,0.6101670219602489,-0.024871481519722596,0.05622336744042715,13.030276378462595,6.969723621537405,3.030276378462595,-1.7325681098120163,0.08657932509893128,0.38214425990455436,0.0
215,0.6012278079434445,-0.025090672486396248,0.056635115698290855,13.030276378462595,6.969723621537405,3.030276378462595,-1.759109163895364,0.08657932509893128,0.38780777147438344,0.0
216,0.5930016921254396,-0.0252498649565731,0.056958717965214685,13.030276378462595,6.969723621537405,3.030276378462595,-1.7850099562890003,0.08657932509893128,0.3935036432709049,0.0
217,0.5854321187610996,-0.025355619588920093,0.057214556668141965,13.030276378462595,6.969723621537405,3.030276378462595,-1.8102988815381267,0.08657932509893128,0.3992250989377191,0.0
218,0.5784669853121672,-0.025414834440988007,0.057418328198075956,13.030276378462595,6.969723621537405,3.030276378462595,-1.8350022090519493,0.08657932509893128,0.40496693175752674,0.0
219,0.572058291529741,-0.025434314712223696,0.05758208944125261,13.030276378462595,6.969723621537405,3.030276378462595,-1.8591442624439474,0.08657932509893128,0.410725140701652,0.0
220,0.5661618177187444,-0.02542050388806646,0.057715079002270804,13.030276378462595,6.969723621537405,3.030276378462595,-1.8827475704790466,0.08657932509893128,0.41649664860187907,0.0
221,0.5607368291261289,-0.02537932821953537,0.05782435947313349,13.030276378462595,6.969723621537405,3.030276378462595,-1.9058329972850594,0.08657932509893128,0.42227908454919244,0.0
222,0.5557458038902048,-0.025316119474181848,0.05791531816000521,13.030276378462592,6.969723621537408,3.0302763784625912,-1.9284198572767728,0.08657932509893122,0.42807061636519295,0.0
223,0.5511541823787353,-0.02523559055550992,0.05799205628174301,13.030276378462597,6.969723621537403,3.0302763784625966,-1.9505260186338258,0.08657932509893128,0.43386982199336727,0.0
224,0.5469301360475346,-0.025141845737983563,0.05805769059454251,13.030276378462592,6.969723621537408,3.0302763784625912,-1.9721679980128828,0.08657932509893122,0.4396755910528215,0.0
225,0.5430443541886569,-0.025038412533105806,0.05811458647373862,13.030276378462597,6.969723621537403,3.0302763784625966,-1.9933610483439708,0.08657932509893128,0.44548704970019537,0.0
226,0.5394698471244356,-0.024928286065054105,0.058164537511113806,13.030276378462595,6.969723621537405,3.030276378462595,-2.014119240972625,0.08657932509893128,0.45130350345130676,0.0
227,0.5361817645537881,-0.0248139796511223,0.05820890349912268,13.030276378462595,6.969723621537405,3.030276378462595,-2.0344555429982853,0.08657932509893128,0.45712439380121905,0.0
228,0.5331572278802603,-0.02469757732272694,0.05824871612970915,13.030276378462595,6.969723621537405,3.030276378462595,-2.0543818903765105,0.08657932509893128,0.46294926541418996,0.0
229,0.5303751754544889,-0.024580785489366375,0.05828475971402446,13.030276378462599,6.969723621537401,3.0302763784625983,-2.073909257161933,0.08657932509893133,0.4687777413855924,0.0
230,0.5278162197523051,-0.024464981991974392,0.06546386263754701,14.638178130299895,5.361821869700104,4.638178130299896,-2.0930477211437846,0.11131627512719748,0.4753241276493471,0.0
231,0.5254467806722709,-0.024770361093993006,0.06775394283745943,13.896069629451912,6.103930370548088,3.8960696294519117,-2.111806526046761,0.11131627512719748,0.4820995219330931,0.0
232,0.523259992151823,-0.025148096840615808,0.06953132031955364,13.896069629451905,6.1039303705480945,3.8960696294519055,-2.1301983472895847,0.11131627512719738,0.48905265396504843,0.0
233,0.5212418205457604,-0.02555814486638414,0.07090841071442228,13.896069629451908,6.103930370548092,3.8960696294519086,-2.148226573455246,0.11131627512719738,0.4961434950364907,0.0
234,0.519379369033104,-0.025973127173772204,0.07197344468804337,13.896069629451912,6.103930370548088,3.896069629451912,-2.165892647299379,0.11131627512719744,0.5033408395052951,0.0
235,0.5176607757215741,-0.026374955725251215,0.07279558472517814,13.89606962945191,6.10393037054809,3.8960696294519104,-2.183196729111775,0.11131627512719744,0.5106203979778129,0.0
236,0.5160751154346773,-0.02675228643804174,0.07342897610083757,13.89606962945191,6.10393037054809,3.8960696294519104,-2.2001381732577308,0.11131627512719744,0.5179632955878967,0.0
237,0.514612310829768,-0.02709860809893459,0.07391595053111719,13.89606962945191,6.10393037054809,3.8960696294519104,-2.2167158654010404,0.11131627512719744,0.5253548906410084,0.0
238,0.5132630542195733,-0.027410815607977042,0.0742895570130973,13.89606962945191,6.10393037054809,3.8960696294519104,-2.2329284565175005,0.11131627512719744,0.5327838463423181,0.0
239,0.5120187395206078,-0.027688151678953853,0.07457555903228416,13.89606962945191,6.10393037054809,3.8960696294519104,-2.2487745210651635,0.11131627512719744,0.5402414022455465,0.0
240,0.5108714030138566,-0.027931427962522164,0.0747940089885142,13.89606962945191,6.10393037054809,3.8960696294519104,-2.264252659973933,0.11131627512719744,0.547720803144398,0.0
241,0.5098136714600798,-0.0281424572911571,0.074960488018579,13.89606962945191,6.10393037054809,3.8960696294519104,-2.279361563983982,0.11131627512719744,0.5552168519462559,0.0
242,0.5088387162333406,-0.028323644750344528,0.07508708127588426,13.89606962945191,6.10393037054809,3.8960696294519104,-2.2941000489396606,0.11131627512719744,0.5627255600738443,0.0
243,0.5079402123512875,-0.02847769762442026,0.06803691426198177,12.28816787761461,7.71183212238539,2.28816787761461,-2.308467071655604,0.08657932509893128,0.5695292515000425,0.0
244,0.5071306172427359,-0.028204106265110374,0.06584975544957426,13.030276378462595,6.969723621537405,3.030276378462595,-2.322461732699996,0.08657932509893128,0.5761142270449999,0.0
245,0.5063930168482962,-0.027840671707530632,0.06415462459398392,13.030276378462595,6.969723621537405,3.030276378462595,-2.3360792312694767,0.08657932509893128,0.5825296895043983,0.0
246,0.5057208257946668,-0.027428958448989255,0.05569754629376439,11.422374626625295,8.577625373374705,1.4223746266252961,-2.3493233466235757,0.061842375070665145,0.5880994441337748,0.0
247,0.5051256644196233,-0.02659670990707072,0.0524264834054939,12.16448312747328,7.8355168725267195,2.16448312747328,-2.36219924633104,0.061842375070665145,0.5933420924743242,0.0
248,0.5045901177887009,-0.025697403171981,0.042752267993648375,10.556581375635995,9.443418624364005,0.556581375635995,-2.3747088513948476,0.03710542504239922,0.5976173192736891,0.0
249,0.5041240323615613,-0.024382486262989205,0.045689702502657525,12.906591628321259,7.093408371678742,2.906591628321258,-2.386862837373623,0.061842375070665145,0.6021862895239548,0.0
250,0.5036938472037097,-0.02341982458756186,0.04470110853921123,12.16448312747328,7.8355168725267195,2.16448312747328,-2.398669171516285,0.061842375070665145,0.6066564003778759,0.0
251,0.5033041191365357,-0.02253870251762358,0.036804319364904074,10.556581375635995,9.443418624364005,0.556581375635995,-2.410148686631422,0.03710542504239922,0.6103368323143663,0.0
252,0.5029651326611152,-0.02134130832489715,0.0339773951860722,11.298689876483973,8.701310123516027,1.2986898764839727,-2.421314969231506,0.03710542504239922,0.6137345718329735,0.0
253,0.5026626610622191,-0.020157502130994445,0.031801264818992564,11.298689876483973,8.701310123516027,1.2986898764839727,-2.4321765515677645,0.03710542504239922,0.6169146983148728,0.0
254,0.5023919551115394,-0.019022008311968486,0.030130997137606946,11.298689876483973,8.701310123516027,1.2986898764839727,-2.4427492444600603,0.03710542504239922,0.6199277980286335,0.0
255,0.5021490150155964,-0.017956337173731098,0.028853230411919437,11.298689876483973,8.701310123516027,1.2986898764839727,-2.4530489946779714,0.03710542504239922,0.6228131210698254,0.0
256,0.5019304649643042,-0.016972490829899205,0.02787940247419659,11.298689876483973,8.701310123516027,1.2986898764839727,-2.463091314082038,0.03710542504239922,0.6256010613172451,0.0
257,0.5017334413059046,-0.01607574453744715,0.019994185803773164,9.690788124646673,10.309211875353327,-0.3092118753533269,-2.4728909132495165,0.012368475014133072,0.6276004798976225,0.0
258,0.5015658380733428,-0.014868331620864424,0.024322517352990493,12.040798377331956,7.959201622668043,2.0407983773319573,-2.4824614835452383,0.03710542504239922,0.6300327316329215,0.0
259,0.5014080238546281,-0.014076166364540241,0.024413266754840957,11.298689876483973,8.701310123516027,1.2986898764839727,-2.491811631834805,0.03710542504239922,0.6324740583084056,0.0
260,0.501264453877867,-0.01340305431626006,0.024498647565534954,11.298689876483973,8.701310123516027,1.2986898764839727,-2.5009611387086466,0.03710542504239922,0.6349239230649592,0.0
261,0.501133745464278,-0.012831535491987409,0.02457762627230279,11.298689876483973,8.701310123516027,1.2986898764839727,-2.5099215018831367,0.03710542504239922,0.6373816856921894,0.0
262,0.5010146626455918,-0.01234661124408482,0.03179595672873156,12.906591628321259,7.093408371678742,2.906591628321258,-2.5187025031023293,0.061842375070665145,0.6405612813650626,0.0
263,0.5008981581254267,-0.01233323856815471,0.026974778633792988,10.556581375635995,9.443418624364005,0.556581375635995,-2.527312457296361,0.03710542504239922,0.6432587592284419,0.0
264,0.5007963637011733,-0.012053061545366587,0.026523534815008125,11.298689876483973,8.701310123516027,1.2986898764839727,-2.535762381876705,0.03710542504239922,0.6459111127099427,0.0
265,0.5007038825233021,-0.011787940409686696,0.033324040634086505,12.906591628321259,7.093408371678742,2.906591628321258,-2.544049877433658,0.061842375070665145,0.6492435167733513,0.0
266,0.5006122179589695,-0.011939179742382107,0.03532002078083433,12.16448312747328,7.8355168725267195,2.16448312747328,-2.5521787670990843,0.061842375070665145,0.6527755188514348,0.0
267,0.5005252882353572,-0.012179257550865843,0.03686968564603221,12.16448312747328,7.8355168725267195,2.16448312747328,-2.56015666367757,0.061842375070665145,0.6564624874160381,0.0
268,0.5004428510907715,-0.012470499241866032,0.03807056842471594,12.16448312747328,7.8355168725267195,2.16448312747328,-2.5679825507348024,0.061842375070665145,0.6602695442585097,0.0
269,0.5003646946939887,-0.0127861097741644,0.04614545741633998,13.772384879310579,6.227615120689421,3.7723848793105788,-2.5756538797133786,0.08657932509893128,0.6648840900001437,0.0
270,0.5002824172389002,-0.013504733663634144,0.04912185382389546,13.030276378462595,6.969723621537405,3.030276378462595,-2.583167162902305,0.08657932509893128,0.6697962753825333,0.0
271,0.5002001198800222,-0.014284583220028582,0.058569782412458575,14.638178130299895,5.361821869700105,4.638178130299895,-2.590522364926862,0.11131627512719744,0.6756532536237791,0.0
272,0.5001088122458259,-0.015476433664253187,0.06260550503543573,13.89606962945191,6.10393037054809,3.8960696294519104,-2.5977108263342763,0.11131627512719744,0.6819138041273227,0.0
273,0.500012905371047,-0.01671978933089682,0.06572237260817587,13.89606962945191,6.10393037054809,3.8960696294519104,-2.604726588387481,0.11131627512719744,0.6884860413881403,0.0
274,0.49991297516117306,-0.017956045813733116,0.0824160922335681,17.111873133126494,2.8881268668735043,7.111873133126496,-2.611554743777251,0.1607901751837295,0.6967276506114971,0.0
275,0.49978674910676507,-0.019940269626153966,0.08878074860710077,15.627656131430534,4.372343868569467,5.627656131430533,-2.618179105482368,0.1607901751837295,0.7056057254722072,0.0
276,0.4996444810923885,-0.021990168650110376,0.10084062163735141,17.23555788326783,2.7644421167321678,7.235557883267832,-2.624591128358203,0.18552712521199566,0.7156897876359424,0.0
277,0.4994733474001046,-0.024412084297430914,0.10688443384705344,16.493449382419847,3.506550617580152,6.493449382419848,-2.63076570448804,0.18552712521199566,0.7263782310206477,0.0
278,0.49928064514527204,-0.026817663894307873,0.10439428299988802,14.885547630582549,5.114452369417451,4.885547630582549,-2.6366799125674123,0.1607901751837295,0.7368176593206365,0.0
279,0.49908622856219226,-0.02873533966131476,0.10571144956440272,15.627656131430534,4.372343868569467,5.627656131430533,-2.6423020500710486,0.1607901751837295,0.7473888042770768,0.0
280,0.4988859413803778,-0.030446804896784866,0.09955442792983805,14.019754379593246,5.980245620406754,4.019754379593246,-2.6475958263117403,0.13605322515546356,0.7573442470700605,0.0
281,0.4987022657880064,-0.03156741135573397,0.09803248330579958,14.761862880441225,5.238137119558775,4.761862880441225,-2.652534084662481,0.13605322515546356,0.7671474954006405,0.0
282,0.49852756766955947,-0.03243978766495319,0.09682825761135451,14.761862880441225,5.238137119558775,4.761862880441225,-2.657088455323121,0.13605322515546356,0.776830321161776,0.0
283,0.49836266432547555,-0.03311754675208996,0.08872950432705888,13.153961128603926,6.846038871396074,3.153961128603927,-2.661241689444913,0.11131627512719744,0.7857032715944818,0.0
284,0.4982291858637318,-0.03324717579686717,0.08571642213211743,13.89606962945191,6.10393037054809,3.8960696294519104,-2.6649803066107145,0.11131627512719744,0.7942749138076936,0.0
285,0.4981143663886558,-0.0331899640944349,0.07622445543550659,12.28816787761461,7.71183212238539,2.28816787761461,-2.6682898226550265,0.08657932509893128,0.8018973593512442,0.0
286,0.49803752725305134,-0.03261457998330294,0.07214127154169585,13.030276378462595,6.969723621537405,3.030276378462595,-2.671166530418546,0.08657932509893128,0.8091114865054138,0.0
287,0.49798276791843576,-0.03189570292921664,0.06897616974162382,13.030276378462595,6.969723621537405,3.030276378462595,-2.6736058599102837,0.08657932509893128,0.8160091034795761,0.0
288,0.49794614257722625,-0.031105095164812645,0.0665277488726006,13.030276378462595,6.969723621537405,3.030276378462595,-2.675613761504701,0.08657932509893128,0.8226618783668361,0.0
289,0.4979242094946677,-0.03029294096605725,0.05749181553214193,11.422374626625295,8.577625373374705,1.4223746266252961,-2.677198791896668,0.061842375070665145,0.8284110599200504,0.0
290,0.4979335290794391,-0.02909802358221065,0.053777130103258575,12.16448312747328,7.8355168725267195,2.16448312747328,-2.6783709618178912,0.061842375070665145,0.8337887729303762,0.0
291,0.49795801401509043,-0.027870246417677963,0.05090995651458136,12.16448312747328,7.8355168725267195,2.16448312747328,-2.679136976881573,0.061842375070665145,0.8388797685818343,0.0
292,0.5379936743208975,-0.026661324250635096,0.04870254998321274,22.16448312747328,17.83551687252672,2.16448312747328,-2.6795120301745734,0.061842375070665145,0.8437500235801556,0.0
293,0.5748373176723015,-0.025721540060461782,0.03982221077510841,20.556581375635997,19.443418624364003,0.556581375635995,-2.6792984454757414,0.03710542504239922,0.8477322446576665,0.0
294,0.6087581462854401,-0.024549683476811118,0.03619716705039248,21.298689876483973,18.701310123516027,1.2986898764839727,-2.6785138422284125,0.03710542504239922,0.8513519613627057,0.0
295,0.6399775179731589,-0.023451987009536327,0.03337179531226226,21.298689876483973,18.701310123516027,1.2986898764839727,-2.6771718615991364,0.03710542504239922,0.854689140893932,0.0
296,0.6687088793933929,-0.022437499856408846,0.031171916381395645,21.298689876483973,18.701310123516027,1.2986898764839727,-2.6752941260778638,0.03710542504239922,0.8578063325320716,0.0
297,0.6951492212536816,-0.021512631796255084,0.029461069400074695,21.298689876483973,18.701310123516027,1.2986898764839727,-2.672902649542916,0.03710542504239922,0.8607524394720791,0.0
298,0.7194802428909376,-0.020680789364658527,0.028132250123680053,21.298689876483973,18.701310123516027,1.2986898764839727,-2.67001922466649,0.03710542504239922,0.8635656644844472,0.0
299,0.7418694617171381,-0.019942519584436064,0.02710150438592952,21.298689876483973,18.701310123516027,1.2986898764839727,-2.666664972960587,0.03710542504239922,0.8662758149230401,0.0
300,0.7624712622743884,-0.01929590880785243,0.026302949296785467,21.298689876483973,18.701310123516027,1.2986898764839727,-2.6628600308999686,0.03710542504239922,0.8689061098527187,0.0
301,0.7814278827544466,-0.018737082308035887,0.018538664231282993,19.690788124646673,20.309211875353327,-0.3092118753533269,-2.6586233465203044,0.012368475014133072,0.870759976275847,0.0
302,0.7988823896911085,-0.017640240323469267,0.015800661679975455,20.432896625494656,19.567103374505344,0.4328966254946575,-2.6539725632963442,0.012368475014133072,0.8723400424438446,0.0
303,0.8149467130435823,-0.016494746761368098,0.013691444925722399,20.432896625494656,19.567103374505344,0.4328966254946575,-2.648919038161262,0.012368475014133072,0.8737091869364167,0.0
304,0.8297306506775796,-0.015351927566841006,0.012075022179402442,20.432896625494656,19.567103374505344,0.4328966254946575,-2.6434859056031947,0.012368475014133072,0.8749166891543569,0.0
305,0.8433355148854452,-0.01424765091939306,0.010843892443615555,20.432896625494656,19.567103374505344,0.4328966254946575,-2.6376972001217096,0.012368475014133072,0.8760010783987185,0.0
306,0.8558547686951367,-0.013205772410736165,0.009913103198195222,20.432896625494656,19.567103374505344,0.4328966254946575,-2.6315769240164117,0.012368475014133072,0.876992388718538,0.0
307,0.867374605282901,-0.012240958245267873,0.009215575515904711,20.432896625494656,19.567103374505344,0.4328966254946575,-2.6251483957107937,0.012368475014133072,0.8779139462701285,0.0
308,0.8779744841875102,-0.011360970518236138,0.008698414243225334,20.432896625494656,19.567103374505344,0.4328966254946575,-2.6184338137950163,0.012368475014133072,0.8787837876944511,0.0
309,0.8877276314340099,-0.010568495416540369,0.008319987108758255,20.432896625494656,19.567103374505344,0.4328966254946575,-2.6114539848473117,0.012368475014133072,0.8796157864053269,0.0
310,0.8967015072421829,-0.009862588572997811,0.008047606627382799,20.432896625494656,19.567103374505344,0.4328966254946575,-2.6042281737382993,0.012368475014133072,0.8804205470680652,0.0
311,0.9049582433418236,-0.009239803667172164,0.00785568652576596,20.432896625494656,19.567103374505344,0.4328966254946575,-2.5967740438523386,0.012368475014133072,0.8812061157206418,0.0
312,0.9125550512243725,-0.008695061835091873,0.0077242731705546835,20.432896625494656,19.567103374505344,0.4328966254946575,-2.589107661768031,0.012368475014133072,0.8819785430376973,0.0
313,0.9195446024534663,-0.008222311181003777,0.0076378744089883625,20.432896625494656,19.567103374505344,0.4328966254946575,-2.581243546688022,0.012368475014133072,0.8827423304785962,0.0
314,0.9259753821689752,-0.007815018031192422,0.007584525028960355,20.432896625494656,19.567103374505344,0.4328966254946575,-2.573194749525495,0.012368475014133072,0.8835007829814923,0.0
315,0.9318920170074698,-0.007466524700271485,0.007555040976275385,20.432896625494656,19.567103374505344,0.4328966254946575,-2.5649729502380616,0.012368475014133072,0.8842562870791199,0.0
316,0.9373355787558667,-0.007170302507338421,0.007542424474006288,20.432896625494656,19.567103374505344,0.4328966254946575,-2.556588564917127,0.012368475014133072,0.8850105295265205,0.0
317,0.9423438651235369,-0.006920123568452326,0.0075413899764044485,20.432896625494656,19.567103374505344,0.4328966254946575,-2.5480508564331945,0.012368475014133072,0.8857646685241609,0.0
318,0.9469516590521075,-0.006710170450650197,0.0075479869841934945,20.432896625494656,19.567103374505344,0.4328966254946575,-2.5393680442237203,0.012368475014133072,0.8865194672225802,0.0
319,0.9511909679828089,-0.006535099029688029,0.0004130705357844808,18.82499487365736,21.17500512634264,-1.1750051263426418,-2.530547410187979,-0.012368475014133072,0.8865607742761586,0.0
320,0.955095447593067,-0.005634796832375093,-0.0018329348511035982,19.567103374505344,20.432896625494656,-0.4328966254946575,-2.521595398704477,-0.012368475014133072,0.8863774807910483,0.0
321,0.958688741325016,-0.004626367541918277,-0.0035489257679721343,19.567103374505344,20.432896625494656,-0.4328966254946575,-2.5125104741529976,-0.012368475014133072,0.8860225882142511,0.0
322,0.9619951196961631,-0.0035800794328019565,-0.004848528987497857,19.567103374505344,20.432896625494656,-0.4328966254946575,-2.5033064245313765,-0.012368475014133072,0.8855377353155013,0.0
323,0.9650370723511718,-0.002544705600988527,-0.005822619360714588,19.567103374505344,20.432896625494656,-0.4328966254946575,-2.4939989281895185,-0.012368475014133072,0.8849554733794298,0.0
324,0.967835440079767,-0.0015527988429258224,-0.006543642106575508,19.567103374505344,20.432896625494656,-0.4328966254946575,-2.484604427272445,-0.012368475014133072,0.8843011091687722,0.0
325,0.9704095193597758,-0.0006248202613985369,-0.007069145668479367,19.567103374505344,20.432896625494656,-0.4328966254946575,-2.4751393383852314,-0.012368475014133072,0.8835941946019243,0.0
326,0.9727771553360838,0.00022765002640717444,-0.00029843612616666394,21.17500512634264,18.82499487365736,1.1750051263426418,-2.465619518423626,0.012368475014133072,0.8835643509893076,0.0
327,0.9749549767946878,0.00022702411657746346,-0.005446160039463563,18.82499487365736,21.17500512634264,-1.1750051263426418,-2.4560599213547585,-0.012368475014133072,0.8830197349853612,0.0
328,0.9769584673742423,0.0007842051702824247,-0.006151689540584592,19.567103374505344,20.432896625494656,-0.4328966254946575,-2.4464819311233184,-0.012368475014133072,0.8824045660313028,0.0
329,0.9788013558074959,0.0013387027773895943,0.00046597298852246033,21.17500512634264,18.82499487365736,1.1750051263426418,-2.436881802911712,0.012368475014133072,0.882451163330155,0.0
330,0.9804973034848363,0.0010946573769960468,-0.004811291048467146,18.82499487365736,21.17500512634264,-1.1750051263426418,-2.427268446876848,-0.012368475014133072,0.8819700342253083,0.0
331,0.9820570452016779,0.0014607021891302587,-0.005626348091510534,19.567103374505344,20.432896625494656,-0.4328966254946575,-2.4176584077898307,-0.012368475014133072,0.8814073994161572,0.0
332,0.9834917419278361,0.0018636446264808809,0.0008993258561174992,21.17500512634264,18.82499487365736,1.1750051263426418,-2.4080438440472465,0.012368475014133072,0.8814973320017689,0.0
333,0.9848125534157511,0.0014961760079010046,-0.0044548849289858215,18.82499487365736,21.17500512634264,-1.1750051263426418,-2.398430408457969,-0.012368475014133072,0.8810518435088703,0.0
334,0.9860269492662157,0.0017675313181028456,-0.005334323172346691,19.567103374505344,20.432896625494656,-0.4328966254946575,-2.388832074403889,-0.012368475014133072,0.8805184111916357,0.0
335,0.9871439447524243,0.002096641950380111,-0.006008353635752512,19.567103374505344,20.432896625494656,-0.4328966254946575,-2.379238794822874,-0.012368475014133072,0.8799175758280604,0.0
