Time,Surge,Sway,YawRate,LeftThrsut,RightThrust,DiffThrust,CrossTrackError,HeadingError,Heading,DesiredHeading
0,0.2,0.0,-0.08048990488945915,63.77954279974338,100.0,-72.44091440051324,0.0,0.0,1.5627473363059508,0.0
1,0.384,0.0017886645530990925,-0.14182560669061306,64.34994370053482,100.0,-71.30011259893035,0.0,0.0,1.5485647756368894,0.0
2,0.5532571689408132,0.007581527780895382,-0.1882381561938855,64.92034460132626,100.0,-70.15931079734747,0.0,0.0,1.529740960017501,0.0
3,0.671902311833246,0.018057985921706904,-0.2640124912788389,47.007824682444,100.0,-69.01850899576458,0.0,0.0,1.503339710889617,0.0
4,0.7556121672307918,0.03515967720447219,-0.3493232140174168,35.006705598291944,100.0,-67.87770719418171,0.0,0.0,1.4684073894878753,0.0
5,0.8140674127255376,0.05940915392024021,-0.41648098629389263,27.206751756116248,92.80285534713218,-65.59610359101593,0.0,0.0,1.426759290858486,0.0
6,0.8544250572583909,0.08849934268305544,-0.4628373205636553,22.197694017404505,85.51219400525467,-63.31449998785016,0.0,0.0,1.3804755588021205,0.0
7,0.8817522705981267,0.11965608253149426,-0.4902775315142056,19.737797607410894,79.6298921905124,-59.8920945831015,0.0,0.0,1.3314478056507,0.0
8,0.8998261267246264,0.15040612912537793,-0.5054426147456089,18.14168439204611,75.75217537198185,-57.61049097993573,0.0,0.0,1.2809035441761392,0.0
9,0.9114206347825562,0.17921529606372433,-0.5085274325763881,18.11723133340677,72.30531690859385,-54.188085575187074,0.0,0.0,1.2300508009185003,0.0
10,0.9186333983087915,0.20482668612153251,-0.5022843102010855,18.781482316557337,69.54716248699575,-50.765680170438415,0.0,0.0,1.1798223698983916,0.0
11,0.9230059469303613,0.2265089584370012,-0.4889039394602974,19.889628244011416,67.23290300970118,-47.34327476568976,0.0,0.0,1.130931975952362,0.0
12,0.9256545738879159,0.243931135951605,-0.47265236602767896,20.697066269360207,65.7587374318842,-45.06167116252399,0.0,0.0,1.083666739349594,0.0
13,0.9273060367797947,0.2573091745888694,-0.4517873948274259,22.2205398075589,63.859805565334234,-41.639265757775334,0.0,0.0,1.0384879998668515,0.0
14,0.928516173370353,0.2666917580998648,-0.43001446924953457,23.249685563537657,62.607347718147224,-39.357662154609564,0.0,0.0,0.995486552941898,0.0
15,0.9295673025590074,0.27253354742782443,-0.4076755465417243,24.288841419983683,61.36489997142748,-37.07605855144379,0.0,0.0,0.9547189982877256,0.0
16,0.93064308150605,0.27527446370136754,-0.3824839774680962,25.893491832970717,59.54714497966585,-33.653653146695135,0.0,0.0,0.9164706005409159,0.0
17,0.9318980386214355,0.2750632708797922,-0.3577149712697339,26.90514027590538,58.27718981943474,-31.37204954352936,0.0,0.0,0.8806991034139425,0.0
18,0.9333288223165439,0.2723712295429098,-0.33337445297987234,27.87383167403543,56.96427761439902,-29.09044594036359,0.0,0.0,0.8473616581159553,0.0
19,0.9349307517037921,0.2676007170078369,-0.31198630525933213,28.245367951430055,56.19501209021075,-27.949644138780698,0.0,0.0,0.8161630275900221,0.0
20,0.9366130345942613,0.26135679020641556,-0.29042987789163927,29.161300399859822,54.82934093547475,-25.668040535614928,0.0,0.0,0.7871200398008582,0.0
21,0.9383857406997538,0.25382974376203654,-0.26879346204756766,30.07341790025312,53.45985483270228,-23.386436932449158,0.0,0.0,0.7602406935961015,0.0
22,0.9402193721576967,0.2451912198829377,-0.24967446661996778,30.399677693368474,52.64531282423475,-22.24563513086628,0.0,0.0,0.7352732469341047,0.0
23,0.9420347001886781,0.23585790703865048,-0.23255260236886707,30.71883165414459,51.823664983427975,-21.104833329283387,0.0,0.0,0.7120179866972179,0.0
24,0.9437950050806655,0.22613094502758457,-0.2144745222432956,31.61814724368208,50.4413769697997,-18.823229726117617,0.0,0.0,0.6905705344728884,0.0
25,0.9455251076668865,0.21595869550252061,-0.1982033105988921,31.958107222034478,49.64053514656921,-17.68242792453474,0.0,0.0,0.6707502034129992,0.0
26,0.9471708904436498,0.20558757355148438,-0.18335454522730457,32.29925041163598,48.84087653458782,-16.541626122951847,0.0,0.0,0.6524147488902687,0.0
27,0.948720716948038,0.19518804491291847,-0.16962104977594908,32.65763043163685,48.058454753005826,-15.400824321368969,0.0,0.0,0.6354526439126739,0.0
28,0.9501649472656821,0.18487454997582103,-0.1567579427619491,33.03079262553357,47.29081514531965,-14.260022519786077,0.0,0.0,0.6197768496364789,0.0
29,0.951502794578978,0.17471999302574512,-0.14457069348387333,33.420036123719946,46.53925684192314,-13.119220718203199,0.0,0.0,0.6053197802880916,0.0
30,0.9527369384404542,0.16476704057359598,-0.1354404164674339,33.254245929870905,46.3734666480741,-13.119220718203199,0.0,0.0,0.5917757386413482,0.0
31,0.9538350060430579,0.15530503334921913,-0.12614719388967954,33.67352712740268,45.65194604402298,-11.978418916620306,0.0,0.0,0.5791610192523803,0.0
32,0.954834422222134,0.14624137402611828,-0.11671158226527209,34.11590801066925,44.95352512570668,-10.837617115037428,0.0,0.0,0.5674898610258531,0.0
33,0.9557460469955286,0.1374998684688892,-0.10968755394813927,33.998443515049544,44.836060630086976,-10.837617115037428,0.0,0.0,0.5565211056310392,0.0
34,0.9565518100014962,0.1292869370334433,-0.1019937998506167,34.463006816902194,44.15982213035673,-9.696815313454536,0.0,0.0,0.5463217256459775,0.0
35,0.9572866038522111,0.12145241877928345,-0.09629663192745679,34.37445263774898,44.07126795120352,-9.696815313454536,0.0,0.0,0.5366920624532318,0.0
36,0.9579332739068607,0.11415190003785823,-0.08960464102540867,34.86308807453238,43.41910158640402,-8.556013511871644,0.0,0.0,0.5277315983506908,0.0
37,0.958525923521886,0.10720054415846968,-0.08465586551555282,34.79593330898804,43.35194682085968,-8.556013511871644,0.0,0.0,0.5192660117991356,0.0
38,0.9590494491134256,0.10073211463278404,-0.07851597695749589,35.30357584972715,42.71878756001591,-7.415211710288765,0.0,0.0,0.511414414103386,0.0
39,0.9595337570369916,0.09454866523556955,-0.07396819035844952,35.252434688788085,42.667646399076844,-7.415211710288765,0.0,0.0,0.504017595067541,0.0
40,0.9599647315312397,0.08877774421219511,-0.06811385022494347,35.77434428932348,42.04875419802936,-6.274409908705872,0.0,0.0,0.4972062100450466,0.0
41,0.9603678316446194,0.08321950270873882,-0.06376414614287247,35.73504909235244,42.00945900105832,-6.274409908705872,0.0,0.0,0.4908297954307594,0.0
42,0.9607296123690366,0.07800302284724332,-0.060577419635397756,35.69718759761003,41.97159750631591,-6.274409908705872,0.0,0.0,0.48477205346721963,0.0
43,0.9610537585652317,0.07320242186760063,-0.0557482401802625,36.23708852245059,41.37069662957359,-5.133608107122994,0.0,0.0,0.4791972294491934,0.0
44,0.9613591907626133,0.0685817449043515,-0.05216215064966507,36.21170316656095,41.34531127368395,-5.133608107122994,0.0,0.0,0.4739810143842269,0.0
45,0.9616362604737781,0.06424733318894511,-0.04953666515881522,36.187080141453734,41.32068824857673,-5.133608107122994,0.0,0.0,0.4690273478683454,0.0
46,0.9618876094724891,0.06026007988828246,-0.04764829220478775,36.16753780316381,41.301145910286806,-5.133608107122994,0.0,0.0,0.4642625186478666,0.0
47,0.9621147201710135,0.05664832411378721,-0.04378589223861435,36.72186462065776,40.71467092619786,-3.992806305540102,0.0,0.0,0.4598839294240052,0.0
48,0.962333442067134,0.053146571903861566,-0.04090999736445978,36.70916448581224,40.70197079135234,-3.992806305540102,0.0,0.0,0.4557929296875592,0.0
49,0.9625359493780188,0.04984418469315911,-0.0387975407226574,36.69602836060099,40.68883466614109,-3.992806305540102,0.0,0.0,0.4519131756152934,0.0
50,0.9627238463682352,0.04679380553670451,-0.037271848661985484,36.68600574780283,40.67881205334293,-3.992806305540102,0.0,0.0,0.4481859907490949,0.0
51,0.9628976173331772,0.04402164445974957,-0.0361936180659851,36.6779203081531,40.6707266136932,-3.992806305540102,0.0,0.0,0.4445666289424964,0.0
52,0.9630588539338493,0.04153526788205286,-0.032918441224508856,37.24221935806407,40.09422386202129,-2.852004503957224,0.0,0.0,0.4412747848200455,0.0
53,0.9632186110132385,0.039058217663419034,-0.030459504758066438,37.23775787742335,40.08976238138057,-2.852004503957224,0.0,0.0,0.43822883434423887,0.0
54,0.9633707201034014,0.036676381985949164,-0.02863512103668211,37.23233296213663,40.08433746609385,-2.852004503957224,0.0,0.0,0.4353653222405707,0.0
55,0.9635157381366908,0.034443819829462784,-0.02730092072159875,37.22859603748311,40.080600541440326,-2.852004503957224,0.0,0.0,0.4326352301684108,0.0
56,0.963653441408424,0.032391364385305106,-0.026342683070510176,37.22579456910872,40.07779907306594,-2.852004503957224,0.0,0.0,0.43000096186135983,0.0
57,0.9637844634771475,0.03053319144040865,-0.025670465368753084,37.22404383380013,40.07604833775735,-2.852004503957224,0.0,0.0,0.42743391532448455,0.0
58,0.9639095016160288,0.028871818864864333,-0.02267868590206058,37.79356731284545,39.50477001521978,-1.7112027023743315,0.0,0.0,0.4251660467342785,0.0
59,0.9640359249154686,0.027130356231624117,-0.020410916501961213,37.79345523418946,39.504657936563795,-1.7112027023743315,0.0,0.0,0.4231249550840824,0.0
60,0.9641590861569111,0.02539784441687181,-0.018709139652615028,37.792335260759906,39.50353796313424,-1.7112027023743315,0.0,0.0,0.42125404111882087,0.0
61,0.9642790119776359,0.023733554333351142,-0.01744727897718701,37.7921077372648,39.50331043963914,-1.7112027023743315,0.0,0.0,0.4195093132211022,0.0
62,0.9643952317873558,0.022174712588958208,-0.016525157494078,37.79230290023905,39.50350560261339,-1.7112027023743315,0.0,0.0,0.4178567974716944,0.0
63,0.9645079221191047,0.020742452225200235,-0.015863528978927847,37.793042913987875,39.50424561636221,-1.7112027023743315,0.0,0.0,0.41627044457380163,0.0
64,0.9646173533895996,0.01944637572299819,-0.01540000041498379,37.79423835096306,39.5054410533374,-1.7112027023743315,0.0,0.0,0.41473044453230323,0.0
65,0.9647238969229666,0.018288022301065163,-0.015085698495340055,37.79584088981944,39.507043592193774,-1.7112027023743315,0.0,0.0,0.4132218746827692,0.0
66,0.9648279303584891,0.01726347839538124,-0.014882553274196433,37.79778618506572,39.508988887440054,-1.7112027023743315,0.0,0.0,0.4117336193553496,0.0
67,0.9649298118435469,0.01636532074649205,-0.014761092398873375,37.80001821434252,39.51122091671686,-1.7112027023743315,0.0,0.0,0.41025751011546224,0.0
68,0.9650298608588037,0.015584043095448766,-0.014698656172227008,37.80248628070857,39.51368898308291,-1.7112027023743315,0.0,0.0,0.40878764449823957,0.0
69,0.9651283533782042,0.014909085995072346,-0.014677958326637364,37.80514724497073,39.51634994734507,-1.7112027023743315,0.0,0.0,0.40731984866557586,0.0
70,0.9652255223453734,0.014329563990310943,-0.012150814714447174,38.37836574074862,38.948766641540075,-0.5704009007914534,0.0,0.0,0.40610476719413113,0.0
71,0.9653248310090538,0.013562879911674264,-0.010205922302346244,38.3813099897237,38.95171089051515,-0.5704009007914534,0.0,0.0,0.4050841749638965,0.0
72,0.9654238620862812,0.01269846728241064,-0.008720586579186125,38.383537305016,38.953938205807454,-0.5704009007914534,0.0,0.0,0.40421211630597786,0.0
73,0.9655223845347358,0.011799695605499733,-0.007596184032742028,38.385998471034036,38.95639937182549,-0.5704009007914534,0.0,0.0,0.40345249790270366,0.0
74,0.9656199472821584,0.010910215764778412,-0.006753742536935694,38.38850977437575,38.9589106751672,-0.5704009007914534,0.0,0.0,0.4027771236490101,0.0
75,0.9657164434868794,0.010058912211251877,-0.006130278716722762,38.391161358724496,38.96156225951595,-0.5704009007914534,0.0,0.0,0.4021640957773378,0.0
76,0.9658118498756169,0.009263748331837364,-0.005675772228617348,38.393935360543075,38.96433626133453,-0.5704009007914534,0.0,0.0,0.4015965185544761,0.0
77,0.9659062256008486,0.008534732247860142,-0.005350675293899911,38.39682745889298,38.967228359684434,-0.5704009007914534,0.0,0.0,0.4010614510250861,0.0
78,0.9659996605686009,0.00787618765400774,-0.005123869785457074,38.39982105365837,38.970221954449826,-0.5704009007914534,0.0,0.0,0.4005490640465404,0.0
79,0.9660922566414276,0.00728847793437876,-0.004970997220064436,38.40290005395918,38.973300954750634,-0.5704009007914534,0.0,0.0,0.40005196432453394,0.0
80,0.9661841130289993,0.006769302446311863,-0.004873098280508712,38.406048404207006,38.97644930499846,-0.5704009007914534,0.0,0.0,0.39956465449648304,0.0
81,0.9662753197307853,0.006314659886273088,-0.004815508350305755,38.40925185808226,38.97965275887371,-0.5704009007914534,0.0,0.0,0.39908310366145244,0.0
82,0.966365954629402,0.005919554221684526,-0.004786964051974388,38.412498161527544,38.982899062319,-0.5704009007914534,0.0,0.0,0.398604407256255,0.0
83,0.9664560831169221,0.005578502954759301,-0.004778883091575214,38.41577712973726,38.98617803052871,-0.5704009007914534,0.0,0.0,0.3981265189470975,0.0
84,0.9665457589694705,0.00528589482066712,-0.004784785957601998,38.419080456160444,38.9894813569519,-0.5704009007914534,0.0,0.0,0.3976480403513373,0.0
85,0.9666350258085075,0.005036233854892635,-0.004799833330957584,38.42240146229062,38.99280236308208,-0.5704009007914534,0.0,0.0,0.39716805701824154,0.0
86,0.9667239187169016,0.004824298633157779,-0.004820457553899806,38.425734824881964,38.99613572567342,-0.5704009007914534,0.0,0.0,0.3966860112628516,0.0
87,0.9668124657855873,0.004645239010203268,-0.004844070288876901,38.42907632232869,38.999477223120145,-0.5704009007914534,0.0,0.0,0.3962016042339639,0.0
88,0.9669006894819548,0.004494627546554771,-0.004868831671566082,38.43242261310386,39.002823513895315,-0.5704009007914534,0.0,0.0,0.3957147210668073,0.0
89,0.9669886078038236,0.004368478756520062,-0.004893468913949876,38.435771051139575,39.00617195193103,-0.5704009007914534,0.0,0.0,0.39522537417541226,0.0
90,0.967076235221774,0.004263246124181795,-0.0049171345203498805,38.43911953640724,39.009520437198695,-0.5704009007914534,0.0,0.0,0.3947336607233773,0.0
91,0.967163583431893,0.0041758043440243125,-0.004939296109749527,38.44246639649562,39.01286729728707,-0.5704009007914534,0.0,0.0,0.39423973111240235,0.0
92,0.9672506619481493,0.004103422308235974,-0.004959651350338902,38.44581029404496,39.016211194836416,-0.5704009007914534,0.0,0.0,0.39374376597736843,0.0
93,0.967337478564167,0.004043730869451593,-0.004978062757804081,38.44915015501871,39.01955105581016,-0.5704009007914534,0.0,0.0,0.39324595970158804,0.0
94,0.9674240397113968,0.003994688263449516,-0.004994508131041689,38.452485113357845,39.0228860141493,-0.5704009007914534,0.0,0.0,0.3927465088884839,0.0
95,0.9675103507365983,0.003954545206785005,-0.005009043234894398,38.45581446829646,39.026215369087915,-0.5704009007914534,0.0,0.0,0.39224560456499447,0.0
96,0.9675964161172511,0.0039218110299213335,-0.005021774020749976,38.459137651350765,39.02953855214222,-0.5704009007914534,0.0,0.0,0.3917434271629195,0.0
97,0.9676822396295737,0.003895221719491407,-0.005032836229110956,38.462454200649084,39.03285510144054,-0.5704009007914534,0.0,0.0,0.3912401435400084,0.0
98,0.9677678244804679,0.0038737103859954203,-0.005042380665979488,38.465763740818936,39.03616464161039,-0.5704009007914534,0.0,0.0,0.39073590547341047,0.0
99,0.9678531734119847,0.003856380415498009,-0.0050505628059309025,38.469065967087396,39.03946686787885,-0.5704009007914534,0.0,0.0,0.39023084919281736,0.0
100,0.9679382887847664,0.003842481382063492,-0.005057535664778247,38.472360632591624,39.04276153338308,-0.5704009007914534,0.0,0.0,0.38972509562633956,0.0
101,0.9680231726452908,0.0038313876731913632,-0.005063445116821801,38.475647538155506,39.04604843894696,-0.5704009007914534,0.0,0.0,0.38921875111465737,0.0
102,0.9681078267805104,0.0038225796988971823,-0.005068427016655865,38.47892652397993,39.049327424771384,-0.5704009007914534,0.0,0.0,0.3887119084129918,0.0
103,0.9681922527625757,0.0038156275050887376,-0.002537490517677484,39.052598363628654,38.48219746283721,0.570400900791439,0.0,0.0,0.3884581593612241,0.0
104,0.968277322560609,0.003537456716650791,-0.0005692216975513339,39.05586115525301,38.48546025446157,0.570400900791439,0.0,0.0,0.38840123719146896,0.0
105,0.9683623499165701,0.0030877312421621664,0.0009516902784141149,39.0588976426709,38.48849674187946,0.570400900791439,0.0,0.0,0.38849640621931036,0.0
106,0.9684471587102469,0.002539327725583426,0.002118503428731623,39.06196660852569,38.491565707734246,0.570400900791439,0.0,0.0,0.38870825656218355,0.0
107,0.968531556407035,0.001944573873413258,0.0030063641026565166,39.06504356634747,38.49464266555603,0.570400900791439,0.0,0.0,0.3890088929724492,0.0
108,0.9686154756290479,0.001340162257978881,0.0011404804914246277,38.49775834252315,39.068159243314604,-0.5704009007914534,0.0,0.0,0.3891229410215917,0.0
109,0.9686985971758859,0.0010238402591989408,-0.0003324393268384373,38.500910568884215,39.07131146967567,-0.5704009007914534,0.0,0.0,0.38908969708890784,0.0
110,0.9687814252813537,0.0009117337228207038,-0.0014893884180843065,38.504172805788066,39.07457370657952,-0.5704009007914534,0.0,0.0,0.3889407582470994,0.0
111,0.968863964389257,0.0009403601666876305,0.00014185807271064146,39.07778812225569,38.50738722146425,0.570400900791439,0.0,0.0,0.3889549440543705,0.0
112,0.9689464666903803,0.0007892591231986336,0.0014116353575355791,39.081004173632,38.51060327284056,0.570400900791439,0.0,0.0,0.38909610759012403,0.0
113,0.9690287672790987,0.000523277350743352,-0.00014129487779680283,38.513758375004876,39.08415927579633,-0.5704009007914534,0.0,0.0,0.38908197810234435,0.0
114,0.9691106982918816,0.00046290604466423294,-0.0013586731731512688,38.516919074298066,39.08731997508952,-0.5704009007914534,0.0,0.0,0.3889461107850292,0.0
115,0.9691924087865568,0.0005423423612775184,0.0002274268374628846,39.09051193161969,38.52011103082825,0.570400900791439,0.0,0.0,0.3889688534687755,0.0
116,0.9692739886934013,0.00043951286860150336,0.0014639130271748358,39.093681204835896,38.523280304044455,0.570400900791439,0.0,0.0,0.389115244771493,0.0
117,0.9693553671704042,0.0002183684743646212,-0.00011318044761423306,38.52641938245413,39.096820283245584,-0.5704009007914534,0.0,0.0,0.3891039267267316,0.0
118,0.9694364466138149,0.00019901659188457655,-0.0013477469183237052,38.52955507030267,39.099955971094126,-0.5704009007914534,0.0,0.0,0.38896915203489923,0.0
119,0.969517317313028,0.00031544252677174355,0.00022645565556823747,39.103105734634816,38.532704833843376,0.570400900791439,0.0,0.0,0.38899179760045605,0.0
120,0.9695980121472635,0.0002454838640517272,-0.0010800984551197085,38.535836444724644,39.1062373455161,-0.5704009007914534,0.0,0.0,0.3888837877549441,0.0
121,0.9696784498130939,0.0003263874520228555,0.00043629656135449465,39.10935170080491,38.53895080001347,0.570400900791439,0.0,0.0,0.38892741741107956,0.0
122,0.9697587308291387,0.00023223511192255305,0.001618621211646178,39.112472542864296,38.542071642072855,0.570400900791439,0.0,0.0,0.38908927953224415,0.0
123,0.9698387986731204,2.42820344338376e-05,-2.887620565029513e-07,38.54516578923014,39.115566690021595,-0.5704009007914534,0.0,0.0,0.3890892506560385,0.0
124,0.9699186107404364,2.0805746420725634e-05,-0.0012669099404284893,38.54825753050262,39.11865843129407,-0.5704009007914534,0.0,0.0,0.38896255966199567,0.0
125,0.9699982243950854,0.0001543337529770263,0.0002829305621908139,39.121752893493024,38.55135199270158,0.570400900791439,0.0,0.0,0.38899085271821476,0.0
126,0.970077632621333,0.00010154752833010109,-0.001041955880560306,38.55443067357337,39.124831574364826,-0.5704009007914534,0.0,0.0,0.38888665713015874,0.0
127,0.9701568157220253,0.00019918822911684406,0.0004607959089481864,39.127902066957176,38.557501166165736,0.570400900791439,0.0,0.0,0.38893273672105355,0.0
128,0.9702358152372283,0.0001207450080529767,0.0016331115538328765,39.13096870654783,38.56056780575639,0.570400900791439,0.0,0.0,0.3890960478764368,0.0
129,0.9703146053249601,-7.275186197760637e-05,6.9792486787855195e-06,38.56361832940624,39.134019230197694,-0.5704009007914534,0.0,0.0,0.3890967458013047,0.0
130,0.9703931646667192,-6.299571157275439e-05,-0.001264743778499047,38.566663456331135,39.13706435712259,-0.5704009007914534,0.0,0.0,0.3889702714234548,0.0
131,0.9704715316594446,8.247019317778063e-05,-0.0022535112594029927,38.56970604733116,39.140106948122614,-0.5704009007914534,0.0,0.0,0.3887449202975145,0.0
132,0.9705496622361967,0.00031355433455483746,-0.000482209163899515,39.14313536828747,38.572734467496026,0.570400900791439,0.0,0.0,0.38869669938112456,0.0
133,0.9706276039331276,0.0003202640352469024,0.0009037770984848712,39.14616459225388,38.57576369146244,0.570400900791439,0.0,0.0,0.38878707709097304,0.0
134,0.9707053776154025,0.0001765335635343493,0.0019820085269935703,39.14917842372978,38.57877752293834,0.570400900791439,0.0,0.0,0.3889852779436724,0.0
135,0.9707829309636643,-6.273754404641685e-05,0.0002803513740307435,38.581775583255,39.15217648404646,-0.5704009007914534,0.0,0.0,0.38901331308107545,0.0
136,0.970860242102263,-8.391549085985172e-05,-0.001051762212212316,38.58477314893522,39.155174049726675,-0.5704009007914534,0.0,0.0,0.3889081368598542,0.0
137,0.9709373727343173,4.166275959573361e-05,0.00044650286582427717,39.15817147885205,38.587770578060606,0.570400900791439,0.0,0.0,0.3889527871464366,0.0
138,0.9710142861856715,-1.2524785619402036e-05,0.0016163357837088521,39.16115124833116,38.59075034753972,0.570400900791439,0.0,0.0,0.3891144207248075,0.0
139,0.9710909981792535,-0.00018510288739153388,-1.0857938347009653e-05,38.59372790481377,39.16412880560522,-0.5704009007914534,0.0,0.0,0.38911333493097283,0.0
140,0.971167510911518,-0.00015719424296969383,-0.0012826600926095337,38.59669575246407,39.16709665325553,-0.5704009007914534,0.0,0.0,0.38898506892171186,0.0
141,0.9712438391123992,3.9202376242773e-06,-0.0022708362197763707,38.599655013300385,39.17005591409184,-0.5704009007914534,0.0,0.0,0.3887579852997342,0.0
142,0.9713199367164997,0.00024841350197755843,-0.0004985073726361817,39.173003217541776,38.602602316750335,0.570400900791439,0.0,0.0,0.3887081345624706,0.0
143,0.9713958330696447,0.00026633267942987606,0.0008887662299684074,39.17595166824651,38.60555076745507,0.570400900791439,0.0,0.0,0.38879701118546744,0.0
144,0.9714715656746269,0.00013193531324952413,0.001968402197475239,39.1788894238355,38.60848852304406,0.570400900791439,0.0,0.0,0.388993851405215,0.0
145,0.9715470831431581,-9.959387251525677e-05,0.0002681690186971484,38.6114092242757,39.18181012506715,-0.5704009007914534,0.0,0.0,0.3890206683070847,0.0
146,0.9716223741409168,-0.00011415684958578385,-0.0010625653626366045,38.61432957606954,39.18473047686099,-0.5704009007914534,0.0,0.0,0.38891441177082103,0.0
147,0.9716974908001802,1.7044948723816245e-05,0.00043700978084810246,39.18764828720396,38.61724738641252,0.570400900791439,0.0,0.0,0.38895811274890585,0.0
148,0.971772390259295,-3.259946692576142e-05,0.0016080674807111982,39.19054947676389,38.62014857597245,0.570400900791439,0.0,0.0,0.38911891949697697,0.0
149,0.9718470935853308,-0.00020152127497303634,-1.8011711646213598e-05,38.623049181990446,39.1934500827819,-0.5704009007914534,0.0,0.0,0.38911711832581236,0.0
150,0.9719216068251733,-0.00017046768751983446,-0.001288820291016146,38.62593974960029,39.19634065039175,-0.5704009007914534,0.0,0.0,0.38898823629671075,0.0
151,0.9719959408908115,-6.6632117499361215e-06,-0.002276109681021941,38.62882096883069,39.19922186962214,-0.5704009007914534,0.0,0.0,0.38876062532860856,0.0
152,0.9720700494972161,0.00024011807116678876,-0.0005029898469906873,39.2020917067514,38.63169080595996,0.570400900791439,0.0,0.0,0.3887103263439095,0.0
153,0.9721439596406527,0.00025976116816056757,0.0008849881054076403,39.20496293696548,38.63456203617404,0.570400900791439,0.0,0.0,0.38879882515445024,0.0
154,0.9722177112221609,0.0001266472393122786,0.0019652344263564217,39.20782428192646,38.63742338113502,0.570400900791439,0.0,0.0,0.3889953485970859,0.0
155,0.9722912529143969,-0.00010393910814474354,0.00026551842944942,38.64026764449053,39.21066854528198,-0.5704009007914534,0.0,0.0,0.3890219004400308,0.0
156,0.9723645746044896,-0.00011761026435064052,-0.0010647861523975682,38.64311175312517,39.213512653916624,-0.5704009007914534,0.0,0.0,0.38891542182479105,0.0
157,0.9724377272326489,1.4417922068986737e-05,0.0004351549923138178,39.2163541133148,38.64595321252336,0.570400900791439,0.0,0.0,0.3889589373240224,0.0
158,0.9725106672412441,-3.468257019871022e-05,0.0016065307191646223,39.21917926166791,38.64877836087647,0.570400900791439,0.0,0.0,0.3891195903959389,0.0
159,0.9725834163239067,-0.00020326933912982352,-1.9282893130215424e-05,38.65160328792296,39.222004188714415,-0.5704009007914534,0.0,0.0,0.3891176621066259,0.0
160,0.9726559808914612,-0.00017182440991360526,-0.0012898774515372818,38.6544183099549,39.224819210746354,-0.5704009007914534,0.0,0.0,0.38898867436147216,0.0
161,0.9727283714396282,-7.6045487199985875e-06,-0.002276985428508734,38.65722408588678,39.22762498667824,-0.5704009007914534,0.0,0.0,0.3887609758186213,0.0
162,0.9728005416234009,0.00023959258916900843,-0.0005037050782032931,39.23041962067212,38.66001871988068,0.570400900791439,0.0,0.0,0.388710605310801,0.0
163,0.972872518248645,0.0002594297232773318,0.0008844193779899946,39.23321585873395,38.66281495794251,0.570400900791439,0.0,0.0,0.3887990472486,0.0
164,0.9729443414613343,0.0001263535068647143,0.001964787149387767,39.23600246167588,38.66560156088444,0.570400900791439,0.0,0.0,0.38899552596353876,0.0
165,0.973015959887428,-0.00010430072625716369,0.0002651633710808749,38.668371249505824,39.23877215029728,-0.5704009007914534,0.0,0.0,0.38902204230064685,0.0
166,0.9730873634767345,-0.00011790264269104491,-0.0010650781305949998,38.67114098430765,39.2415418850991,-0.5704009007914534,0.0,0.0,0.38891553448758737,0.0
167,0.9731586030968886,1.4284857919596869e-05,0.0004349142123432697,39.244309148643445,38.673908247852005,0.570400900791439,0.0,0.0,0.3889590259088217,0.0
168,0.9732296351094623,-3.4805233485562674e-05,0.001606339034780503,39.24706030098714,38.676659400195696,0.570400900791439,0.0,0.0,0.38911965981229973,0.0
169,0.9733004812527122,-0.00020348189450226082,-1.943732599191811e-05,38.67941054151296,39.24981144230441,-0.5704009007914534,0.0,0.0,0.3891177160797005,0.0
170,0.9733711479419126,-0.0001719880254361343,-0.001290010626635661,38.68215196633148,39.25255286712294,-0.5704009007914534,0.0,0.0,0.38898871501703697,0.0
171,0.9734416456440961,-7.627630150290523e-06,-0.0022770994588365637,38.684884334385416,39.25528523517687,-0.5704009007914534,0.0,0.0,0.3887610050711533,0.0
172,0.9735119279664335,0.0002397656324831009,-0.0005037948015158243,39.25800665572899,38.68760575493755,0.570400900791439,0.0,0.0,0.3887106255910017,0.0
173,0.9735820217197457,0.0002596272909603349,0.0008843621451404759,39.26072988137977,38.690328980588326,0.570400900791439,0.0,0.0,0.38879906180551577,0.0
174,0.9736519670746351,0.00012645900613292253,0.0019647565762319712,39.26344366442557,38.69304276363413,0.570400900791439,0.0,0.0,0.388995537463139,0.0
175,0.9737217126043719,-0.00010436163978306452,0.0002651467079059155,38.69573981670569,39.266140717497144,-0.5704009007914534,0.0,0.0,0.38902205213392954,0.0
176,0.973791248233327,-0.00011797374809368401,-0.001065096013928994,38.69843711345824,39.268838014249695,-0.5704009007914534,0.0,0.0,0.38891554253253663,0.0
177,0.9738606248544085,1.430925739676547e-05,0.0004348946648726911,39.27153303586794,38.7011321350765,0.570400900791439,0.0,0.0,0.3889590319990239,0.0
178,0.9739297987874679,-3.481616756929705e-05,0.001606325082672688,39.27421213106586,38.70381123027442,0.570400900791439,0.0,0.0,0.38911966450729113,0.0
179,0.9739987917713624,-0.00020361470609314014,-1.9449474608746993e-05,38.706490509723984,39.27689141051544,-0.5704009007914534,0.0,0.0,0.38911771955983027,0.0
180,0.974067610209204,-0.00017209883023863018,-0.0012900301293330588,38.70916026117061,39.279561161962064,-0.5704009007914534,0.0,0.0,0.388988716546897,0.0
181,0.9741362645643901,-7.620491962236612e-06,-0.002277123061473032,38.71182114499507,39.282222045786526,-0.5704009007914534,0.0,0.0,0.38876100424074966,0.0
182,0.9742047083971831,0.00023995004054972734,-0.0005038130978156099,39.28487216849195,38.71447126770051,0.570400900791439,0.0,0.0,0.3887106229309681,0.0
183,0.9742729685277468,0.00025982582269744867,0.0008843607204682324,39.287524291613714,38.71712339082227,0.570400900791439,0.0,0.0,0.3887990590030149,0.0
184,0.9743410851408897,0.00012656112115449255,0.0019647692760332938,39.290167157988215,38.719766257196774,0.570400900791439,0.0,0.0,0.38899553593061825,0.0
185,0.9744090067589101,-0.00010442608839690746,0.00026516349812348854,38.72239257439697,39.292793475188425,-0.5704009007914534,0.0,0.0,0.3890220522804306,0.0
186,0.9744767232825433,-0.000118050953499046,-0.0010650879373321701,38.72501932782671,39.29542022861816,-0.5704009007914534,0.0,0.0,0.3889155434866974,0.0
187,0.9745442856310078,1.4323451248506895e-05,0.0004348951650801757,39.29804489787061,38.72764399707917,0.570400900791439,0.0,0.0,0.3889590330032054,0.0
188,0.9746116500809683,-3.483711370710399e-05,0.001606326346360551,39.30065382030231,38.73025291951087,0.570400900791439,0.0,0.0,0.38911966563784145,0.0
189,0.9746788383725561,-0.0002037544607266323,-1.945012706629115e-05,38.73286221682671,39.303263117618165,-0.5704009007914534,0.0,0.0,0.38911772062513483,0.0
190,0.9747458568996966,-0.00017221685781554418,-0.0012900408102582842,38.73546216973953,39.30586307053098,-0.5704009007914534,0.0,0.0,0.388988716544109,0.0
191,0.9748127161208487,-7.623096683211111e-06,-0.0022771399530205653,38.73805343866333,39.308454339454784,-0.5704009007914534,0.0,0.0,0.3887610025488069,0.0
192,0.9748793695503274,0.00024012079312561716,-0.0005038265206492012,39.31103502882037,38.74063412802893,0.570400900791439,0.0,0.0,0.388710619896742,0.0
193,0.9749458440149611,0.00026001113198672004,0.0008843624415285722,39.31361790879076,38.74321700799932,0.570400900791439,0.0,0.0,0.3887990561408948,0.0
194,0.9750121797150854,0.00012665335881405985,0.0019647837811894277,39.31619171357272,38.74579081278128,0.570400900791439,0.0,0.0,0.38899553451901375,0.0
195,0.975078325123564,-0.00010449525047756563,0.00026518125647911894,38.74834824435603,39.318749145147486,-0.5704009007914534,0.0,0.0,0.38902205264466166,0.0
196,0.975144270119928,-0.00011813176934434188,-0.0010650792116757347,38.750906299687024,39.32130720047848,-0.5704009007914534,0.0,0.0,0.3889155447234941,0.0
197,0.9752100656476653,1.4332362948667781e-05,0.0004348961142333612,39.323863357175355,38.753462456383915,0.570400900791439,0.0,0.0,0.3889590343349174,0.0
198,0.9752756679401459,-3.486176371185431e-05,0.0016063277596666326,39.326403942053595,38.756003041262154,0.570400900791439,0.0,0.0,0.3891196671108841,0.0
199,0.9753410987396693,-0.00020389421770232794,-1.9450774976950734e-05,38.75854418694568,39.32894508773713,-0.5704009007914534,0.0,0.0,0.3891177220333864,0.0
200,0.9754063644321044,-0.0001723349262300631,-0.0012900513604564342,38.76107616694302,39.331477067734475,-0.5704009007914534,0.0,0.0,0.38898871689734077,0.0
201,0.9754714754703502,-7.6282916153316296e-06,-0.0022771566370715247,38.76359964157056,39.33400054236201,-0.5704009007914534,0.0,0.0,0.3887610012336336,0.0
202,0.9755363853239218,0.00024028483324480085,-0.000503839870810848,39.336513614308885,38.766112713517444,0.570400900791439,0.0,0.0,0.38871061724655254,0.0
203,0.9756011208255166,0.0002601897047042059,0.0008843638280789049,39.339029062078595,38.768628161287154,0.570400900791439,0.0,0.0,0.3887990536293604,0.0
204,0.9756657221911451,0.0001267415982590068,0.0019647976223955603,39.341535611624295,38.771134710832854,0.570400900791439,0.0,0.0,0.3889955333916,0.0
205,0.9757301378455674,-0.00010456393162440632,0.0002651982761413521,38.77362505848964,39.3440259592811,-0.5704009007914534,0.0,0.0,0.3890220532192141,0.0
206,0.975794357648046,-0.00011821158044930411,-0.0010650709788124616,38.77611621252414,39.34651711331559,-0.5704009007914534,0.0,0.0,0.3889155461213329,0.0
207,0.9758584325653743,1.4340120240026677e-05,0.0004348967888597654,39.34900654931413,38.77860564852269,0.570400900791439,0.0,0.0,0.38895903580021884,0.0
208,0.9759223187885299,-3.488653031735553e-05,0.0016063289089185834,39.351480583947236,38.781079683155795,0.570400900791439,0.0,0.0,0.3891196686911107,0.0
209,0.975986038062118,-0.00020403094633027896,-1.945161125032767e-05,38.783554459705464,39.35395536049692,-0.5704009007914534,0.0,0.0,0.3891177235299857,0.0
210,0.9760495967643117,-0.00017245042063833513,-0.0012900618236553754,38.78602024459291,39.35642114538437,-0.5704009007914534,0.0,0.0,0.38898871734762014,0.0
211,0.9761130053424539,-7.63376845947986e-06,-0.002277173055843558,38.78847769802116,39.358878598812616,-0.5704009007914534,0.0,0.0,0.3887610000420358,0.0
212,0.9761762172224236,0.0002404442464540356,-0.000503853020218568,39.36132582182519,38.79092492103375,0.570400900791439,0.0,0.0,0.38871061474001395,0.0
213,0.9762392592425395,0.00026036333700101433,0.0008843650584389967,39.36377560103577,38.79337470024433,0.570400900791439,0.0,0.0,0.38879905124585784,0.0
214,0.9763021716341713,0.00012682731170637098,0.0019648110068871544,39.366216654382505,38.795815753591064,0.570400900791439,0.0,0.0,0.38899553234654655,0.0
215,0.9763649027752371,-0.00010463099474839949,0.0002652147732216444,38.79824077187761,39.368641672669064,-0.5704009007914534,0.0,0.0,0.38902205382386873,0.0
216,0.9764274425053113,-0.00011828945064819817,-0.0010650630311425024,38.80066677438672,39.371067675178175,-0.5704009007914534,0.0,0.0,0.38891554752075447,0.0
217,0.9764898418138369,1.434755573492252e-05,0.00043489738250822654,39.373492135513544,38.8030912347221,0.570400900791439,0.0,0.0,0.38895903725900527,0.0
218,0.9765520568504781,-3.491074412131184e-05,0.0016063299749107117,39.375901360482644,38.8055004596912,0.570400900791439,0.0,0.0,0.38911967025649635,0.0
219,0.976614109362112,-0.00020416417452374816,-1.9452471605192713e-05,38.80791060295822,39.37831150374968,-0.5704009007914534,0.0,0.0,0.38911772500933584,0.0
220,0.9766760057194349,-0.00017256295395569598,-0.0012900720579504634,38.8103119240328,39.38071282482426,-0.5704009007914534,0.0,0.0,0.3889887178035408,0.0
221,0.9767377563643611,-7.639146756616529e-06,-0.002277189087446357,38.81270508300576,39.383105983797215,-0.5704009007914534,0.0,0.0,0.38876099889479615,0.0
222,0.9767993146802727,0.00024059945889597938,-0.0005038658604426163,39.38548908011576,38.81508817932432,0.570400900791439,0.0,0.0,0.38871061230875187,0.0
223,0.9768607075109533,0.00026053240674113053,0.0008843662357316128,39.38787490829035,38.81747400749891,0.570400900791439,0.0,0.0,0.38879904893232503,0.0
224,0.9769219751027431,0.00012691076724123592,0.0019648240321862584,39.390252178455874,38.819851277664434,0.570400900791439,0.0,0.0,0.38899553133554365,0.0
225,0.9769830657879418,-0.00010469631849946881,0.00026523083503034216,38.822212675233665,39.39261357602512,-0.5704009007914534,0.0,0.0,0.3890220544190467,0.0
226,0.9770439693869537,-0.0001183652985328166,-0.001065055297854609,38.82457523021901,39.394976131010466,-0.5704009007914534,0.0,0.0,0.3889155488892612,0.0
227,0.9771047369112766,1.435478412553152e-05,0.00043489795153420305,39.397337315083874,38.82693641429243,0.570400900791439,0.0,0.0,0.3889590386844146,0.0
228,0.9771653244703384,-3.493433452783199e-05,0.001606331005824856,39.399683425448686,38.829282524657245,0.570400900791439,0.0,0.0,0.3891196717849971,0.0
229,0.9772257538132312,-0.0002042939260419908,-1.945331649997684e-05,38.831629725088916,39.40203062588037,-0.5704009007914534,0.0,0.0,0.38911772645334713,0.0
230,0.9772860313033722,-0.00017267254984916353,-0.0012900820362912097,38.8339682683653,39.40436916915675,-0.5704009007914534,0.0,0.0,0.38898871824971804,0.0
231,0.9773461673773871,-7.6443867261944e-06,-0.002277204714094808,38.836298814467625,39.40669971525908,-0.5704009007914534,0.0,0.0,0.3887609977783086,0.0
232,0.9774061153772713,0.00024075061354028699,-0.0005038783763175302,39.40902036208076,38.83861946128932,0.570400900791439,0.0,0.0,0.38871060994067685,0.0
233,0.9774659021521307,0.00026069705896437044,0.0008843673802508673,39.41134391182257,38.84094301103113,0.570400900791439,0.0,0.0,0.38879904667870196,0.0
234,0.9775255679628867,0.000126992043872758,0.0019648367229142105,39.41365906702007,38.84325816622863,0.570400900791439,0.0,0.0,0.3889955303509934,0.0
235,0.9775850610974123,-0.00010475993285564603,0.0002652464853157262,38.84555760704412,39.415958507835576,-0.5704009007914534,0.0,0.0,0.38902205499952497,0.0
236,0.9776443713574416,-0.00011843916494908028,-0.001065047763008085,38.847858373939616,39.41825927473107,-0.5704009007914534,0.0,0.0,0.38891555022322416,0.0
237,0.9777035497759531,1.4361820069307837e-05,0.00043489850523540426,39.42055883749756,38.85015793670612,0.570400900791439,0.0,0.0,0.3889590400737477,0.0
238,0.9777625524231888,-3.4957310869693375e-05,0.0016063320096256647,39.422843483984664,38.85244258319322,0.570400900791439,0.0,0.0,0.38911967327471025,0.0
239,0.9778214010503985,-0.00020442028660747768,-1.9454140550005574e-05,38.85472848702384,39.425129387815296,-0.5704009007914534,0.0,0.0,0.38911772786065524,0.0
240,0.9778801020139115,-0.00017277928132319336,-0.001290091760373743,38.85700589441978,39.42740679521123,-0.5704009007914534,0.0,0.0,0.3889887186846179,0.0
241,0.9779386657452026,-7.649489327445107e-06,-0.002277219942095634,38.85927546525554,39.429676366047,-0.5704009007914534,0.0,0.0,0.3887609966904083,0.0
242,0.977997045545962,0.0002408978182177828,-0.0005038905728854957,39.431936196702914,38.86153529591147,0.570400900791439,0.0,0.0,0.38871060763311976,0.0
243,0.9780552682704794,0.00026085741020415604,0.0008843684952365369,39.43419909686919,38.86379819607775,0.570400900791439,0.0,0.0,0.3887990444826434,0.0
244,0.9781133741938774,0.0001270711991903856,0.001964849089324863,39.436453761680546,38.866052860889106,0.570400900791439,0.0,0.0,0.3889955293915759,0.0
245,0.9781713115607632,-0.00010482188208614889,0.0002652617358421406,38.868291965394384,39.43869286618584,-0.5704009007914534,0.0,0.0,0.3890220555651601,0.0
246,0.9782290701546873,-0.00011851110134654866,-0.0010650404204697343,38.87053256023237,39.440933461023825,-0.5704009007914534,0.0,0.0,0.38891555152311313,0.0
247,0.9782867010295491,1.436866886942676e-05,0.00043489904493143627,39.44317301415403,38.872772113362586,0.570400900791439,0.0,0.0,0.3889590414276063,0.0
248,0.978344160217429,-3.497968907247671e-05,0.0016063329877301134,39.445397804316215,38.874996903524774,0.570400900791439,0.0,0.0,0.3891196747263793,0.0
249,0.978401469471678,-0.00020454334486316026,-1.945494369204456e-05,38.87722311393225,39.44762401472371,-0.5704009007914534,0.0,0.0,0.3891177292320101,0.0
250,0.9784586351417237,-0.00017288322332772765,-0.001290101236081667,38.87944098442214,39.449841885213594,-0.5704009007914534,0.0,0.0,0.38898871910840194,0.0
251,0.9785156676540242,-7.654458330264913e-06,-0.0022772347810347576,38.88165117476477,39.452052075556225,-0.5704009007914534,0.0,0.0,0.3887609956302985,0.0
252,0.978572520271018,0.00024104117589179462,-0.0005039024578387791,39.45425268065865,38.88385177986721,0.570400900791439,0.0,0.0,0.3887106053845146,0.0
253,0.9786292198520429,0.00026101357250054143,0.0008843695816242079,39.456456517504726,38.886055616713286,0.570400900791439,0.0,0.0,0.388799042342677,0.0
254,0.9786858066860535,0.00012714828828093251,0.001964861139645252,39.45865227402189,38.888251373230446,0.570400900791439,0.0,0.0,0.3889955284566415,0.0
255,0.9787422289755209,-0.00010488220996851246,0.0002652765966721471,38.890431719487225,39.46083262027868,-0.5704009007914534,0.0,0.0,0.3890220561163087,0.0
256,0.9787984764862865,-0.00011858115825327593,0.05724261437107579,52.01183443423689,26.343793898621957,25.668040535614928,0.0,0.0,0.39474631755341627,0.0
257,0.9788539780156705,-0.006326895406116802,0.10155782469897959,52.01401554724907,26.34597501163415,25.668040535614928,0.0,0.0,0.4049021000233142,0.0
258,0.9788524659766367,-0.016458597259145964,0.1307299047366205,50.8755361253889,27.489099192939754,23.38643693244914,0.0,0.0,0.4179750904969763,0.0
259,0.9787482610995907,-0.028299609835972857,0.15051687291879168,50.32163715430602,28.076002023439745,22.24563513086627,0.0,0.0,0.43302677778885545,0.0
260,0.9785357299690258,-0.040580569263600715,0.16547756463814245,50.35816303911433,28.112527908248058,22.24563513086627,0.0,0.0,0.4495745342526697,0.0
261,0.978226085739167,-0.05271067698182299,0.17159856341096685,49.27080566748354,29.306774139783045,19.964031527700495,0.0,0.0,0.46673439059376637,0.0
262,0.9778656116101925,-0.06374826708489015,0.1733852094806211,48.767449668230725,29.944219942113122,18.823229726117606,0.0,0.0,0.48407291154182847,0.0
263,0.9774937043007976,-0.07337878782962035,0.16930554549215177,47.696869170100506,31.155243047148666,16.541626122951836,0.0,0.0,0.5010034660910436,0.0
264,0.9771645760854905,-0.08116797456776303,0.1607144630885064,46.62424993081847,32.36422741103241,14.260022519786062,0.0,0.0,0.5170749123998942,0.0
265,0.9769188673394537,-0.08689309826294032,0.15628661906224242,47.251159866454486,31.850335545085528,15.400824321368955,0.0,0.0,0.5327035743061185,0.0
266,0.9767247426571927,-0.09130624483324878,0.14756610134313458,46.15041299618036,33.031192277977176,13.119220718203184,0.0,0.0,0.547460184440432,0.0
267,0.9766269307759915,-0.09413217195281266,0.19893210329609812,59.305231639016505,19.947569484406962,39.35766215460954,0.0,0.0,0.5673533947700418,0.0
268,0.9760976995248117,-0.10212224150128203,0.17286855829051032,44.49153525512519,34.79471994167067,9.696815313454522,0.0,0.0,0.5846402505990927,0.0
269,0.9759762590902525,-0.1061197624030455,0.1523099021447507,44.62601303003761,34.92919771658309,9.696815313454522,0.0,0.0,0.5998712408135678,0.0
270,0.9759775886611556,-0.10730811322456518,0.1336406810009775,44.04506098322287,35.48904747135123,8.556013511871644,0.0,0.0,0.6132353089136655,0.0
271,0.9761418939222692,-0.1063003090466134,0.17991997749716634,57.73421737170523,21.798960621844344,35.93525674986088,0.0,0.0,0.6312273066633821,0.0
272,0.975804392362694,-0.11045997858305102,0.15257289055779755,43.44518054676991,36.02996883648117,7.41521171028875,0.0,0.0,0.6464845957191618,0.0
273,0.9759242099564741,-0.11104701465014048,0.12608369836516656,42.417282465010864,37.28367435788788,5.1336081071229795,0.0,0.0,0.6590929655556785,0.0
274,0.9761877870171383,-0.10867890516905525,0.10038905429131358,41.22481400404719,38.372809500089986,2.8520045039572093,0.0,0.0,0.6691318709848099,0.0
275,0.9766244592352908,-0.1038695709501229,0.08048886631194785,41.182807604750586,38.33080310079338,2.8520045039572093,0.0,0.0,0.6771807576160046,0.0
276,0.9771134370849253,-0.09760034353914601,0.06771825953048682,41.682085927452654,37.68927962191257,3.9928063055400878,0.0,0.0,0.6839525835690533,0.0
277,0.9775866204637604,-0.0908545629527408,0.050405218409315014,39.90374926594252,39.33334836515108,0.570400900791439,0.0,0.0,0.6889931054099848,0.0
278,0.9780882467497783,-0.08320617798384491,0.11577062171987357,57.52798582050001,21.592729070639123,35.93525674986088,0.0,0.0,0.7005701675819722,0.0
279,0.9779606824008924,-0.0837690505443032,0.1618155281546698,56.32005166192129,22.666398515226156,33.653653146695135,0.0,0.0,0.7167517203974392,0.0
280,0.9776764627510983,-0.0892523237253707,0.121554785161711,39.30109801280082,39.871498913592276,-0.5704009007914534,0.0,0.0,0.7289071989136102,0.0
281,0.9777974489165664,-0.08956490500808063,0.16102642832798353,55.3417834811456,23.969733937616255,31.372049543529346,0.0,0.0,0.7450098417464086,0.0
282,0.9774920274522647,-0.09412233326549661,0.19678510548370395,56.435018051923784,22.78136490522865,33.653653146695135,0.0,0.0,0.764688352294779,0.0
283,0.9770414955558261,-0.10189975976399972,0.21936319842212282,55.39392421923699,24.021874675707636,31.372049543529354,0.0,0.0,0.7866246721369914,0.0
284,0.9764693398162828,-0.11099501084878424,0.2315738381336962,54.346692497555686,25.256246557192092,29.09044594036359,0.0,0.0,0.809782055950361,0.0
285,0.9758609151755606,-0.12008737070853019,0.24327934223548128,55.02684447368094,24.795596731734467,30.23124774194647,0.0,0.0,0.8341099901739092,0.0
286,0.9751990735340997,-0.12911995066810084,0.2495223841439359,54.563403701527946,25.472957761164352,29.090445940363598,0.0,0.0,0.8590622285883027,0.0
287,0.9745538973193033,-0.13750640199861805,0.2489845537403045,53.539620309471005,26.73077797227319,26.80884233719781,0.0,0.0,0.8839606839623332,0.0
288,0.9739943223848645,-0.14460535140103115,0.2431963908375633,52.50665144878148,27.979412714749444,24.527238734032043,0.0,0.0,0.9082803230460895,0.0
289,0.973572523699394,-0.15003701218757967,0.23590613452906314,52.02462949892765,28.63819256647852,23.386436932449136,0.0,0.0,0.9318709364989959,0.0
290,0.9732894370586652,-0.15388408051044358,0.22497210786161295,50.946533613418836,29.841700284135467,21.104833329283373,0.0,0.0,0.9543681472851572,0.0
291,0.9731826438014476,-0.1559855995716607,0.21126052957661584,49.84767888494174,31.024449158824144,18.823229726117596,0.0,0.0,0.9754942002428187,0.0
292,0.9732579329642942,-0.15629824415622803,0.20559106083999382,51.000279014855444,29.895445685572064,21.10483332928338,0.0,0.0,0.9960533063268181,0.0
293,0.9733687448976314,-0.1559544012124472,0.19863465419512819,50.413747531148445,30.449716003447946,19.964031527700502,0.0,0.0,1.0159167717463309,0.0
294,0.9735609765914665,-0.1549104059314367,0.18816563977038347,49.266087290067105,31.583659365532384,17.682427924534725,0.0,0.0,1.0347333357233692,0.0
295,0.973854937275381,-0.1528889832986528,0.17498937660657038,48.10152827006344,32.70070394869448,15.400824321368955,0.0,0.0,1.0522322733840264,0.0
296,0.9742585302626728,-0.14973993775318625,0.16734751055091415,48.63073470062207,32.08910857767023,16.541626122951833,0.0,0.0,1.0689670244391178,0.0
297,0.9746651537096516,-0.14622636226355387,0.1564449504103451,47.43130145547632,33.17127893569026,14.260022519786062,0.0,0.0,1.0846115194801524,0.0
298,0.9751383896849347,-0.14204715900757361,0.15062487696471757,47.953073216397456,32.5522488950285,15.400824321368955,0.0,0.0,1.0996740071766242,0.0
299,0.9755765837072519,-0.13784924714757588,0.13864118197638228,46.176654670057744,34.198235753437444,11.978418916620292,0.0,0.0,1.1135381253742624,0.0
300,0.9760852786040393,-0.13296603263444318,0.12693479077064534,45.556240569361705,34.71862345432429,10.837617115037414,0.0,0.0,1.126231604451327,0.0
301,0.9766115050189828,-0.12752640354434702,0.11800375726210863,45.48484360809455,34.64722649305713,10.837617115037414,0.0,0.0,1.1380319801775378,0.0
302,0.9771222954563304,-0.1219107926965683,0.11632179232227294,46.55665254311081,33.43743182490763,13.119220718203184,0.0,0.0,1.1496641594097652,0.0
303,0.9775430445848106,-0.11693041338767886,0.10760906681386782,44.78181372516574,35.08499841171122,9.696815313454522,0.0,0.0,1.160425066091152,0.0
304,0.9779882040935346,-0.11172851976480955,0.09594068864448137,43.59813216290518,36.182920452616436,7.41521171028875,0.0,0.0,1.1700191349556002,0.0
305,0.9784490442473421,-0.10601538488621631,0.08958689251317008,44.11032399731687,35.55431048544523,8.556013511871644,0.0,0.0,1.178977824206917,0.0
306,0.9788631349707616,-0.10044163033116292,0.08485018153597917,44.050405387613715,35.494391875742075,8.556013511871644,0.0,0.0,1.187462842360515,0.0
307,0.9792381168194743,-0.0951619186945668,0.07629628880112511,42.862733353071334,36.58832344436547,6.274409908705858,0.0,0.0,1.1950924712406275,0.0
308,0.9796127682640181,-0.08971766756823255,0.0698333511589105,42.820777904825384,36.54636799611952,6.274409908705858,0.0,0.0,1.2020758063565185,0.0
309,0.9799550748984476,-0.08435952030236935,0.06500282948780611,42.774806844428674,36.50039693572281,6.274409908705858,0.0,0.0,1.208576089305299,0.0
310,0.980264169907269,-0.07925201766306422,0.06397420673425731,43.30711869361791,35.891906983329164,7.41521171028875,0.0,0.0,1.2149735099787247,0.0
311,0.980519403997615,-0.07477246207393637,0.055753289127549954,41.56274081752755,37.56993451198746,3.9928063055400878,0.0,0.0,1.2205488388914796,0.0
312,0.9807890165972036,-0.07004612664395134,0.052056285487324355,42.10998299461583,36.976374887492845,5.1336081071229795,0.0,0.0,1.225754467440212,0.0
313,0.9810195339482863,-0.0656012675788046,0.04935177814791208,42.07770874545465,36.94410063833167,5.1336081071229795,0.0,0.0,1.2306896452550034,0.0
314,0.9812260463982985,-0.06150497986166438,0.04740917416988729,42.056530900668704,36.92292279354572,5.1336081071229795,0.0,0.0,1.2354305626719921,0.0
315,0.9814066065522292,-0.05778971794094917,0.04858173940246359,42.60774240086623,36.333332492160366,6.274409908705858,0.0,0.0,1.2402887366122386,0.0
316,0.9815520914760189,-0.05473991868363168,0.042023021730041854,40.88134760173431,38.02934309777711,2.8520045039572093,0.0,0.0,1.2444910387852428,0.0
317,0.9817134020235532,-0.05141612874813652,0.039567472333042156,41.44265724123341,37.44985093569333,3.9928063055400878,0.0,0.0,1.248447786018547,0.0
318,0.9818524697849086,-0.048305345470466096,0.03777812572792875,41.426021395717015,37.43321509017693,3.9928063055400878,0.0,0.0,1.25222559859134,0.0
319,0.9819801447597478,-0.045449300685822286,0.0364992702172192,41.41645927523914,37.423652969699056,3.9928063055400878,0.0,0.0,1.2558755256130618,0.0
320,0.9820945433763755,-0.04286679710359574,0.03560824970471538,41.407457235285,37.414650929744916,3.9928063055400878,0.0,0.0,1.2594363505835333,0.0
321,0.9821979521691955,-0.040560556159096844,0.037544091951812526,41.97097870771527,36.83737060059229,5.1336081071229795,0.0,0.0,1.2631907597787146,0.0
322,0.9822823898462089,-0.03879911251735199,0.03913347860063457,41.96546739508844,36.83185928796546,5.1336081071229795,0.0,0.0,1.2671041076387781,0.0
323,0.9823566548902292,-0.03746592147404857,0.03282827880697514,40.252354957819655,38.54115225544533,1.711202702374317,0.0,0.0,1.2703869355194757,0.0
324,0.9824483333163462,-0.03563740816719976,0.030507749181195698,40.82145503786224,37.96945053390504,2.8520045039572093,0.0,0.0,1.2734377104375953,0.0
325,0.98253208814535,-0.033820036691526334,0.028769299658702303,40.81473776907685,37.962733265119645,2.8520045039572093,0.0,0.0,1.2763146404034655,0.0
326,0.9826133502211905,-0.03207567139921076,0.027483195992537145,40.81170086036492,37.95969635640772,2.8520045039572093,0.0,0.0,1.2790629600027192,0.0
327,0.9826898472211981,-0.03044311389588171,0.026546274190612583,40.80845414919459,37.956449645237385,2.8520045039572093,0.0,0.0,1.2817175874217805,0.0
328,0.9827621436934947,-0.028944303458550476,0.028411999903406957,41.376512083957564,37.38370577841748,3.9928063055400878,0.0,0.0,1.2845587874121212,0.0
329,0.9828237661813137,-0.027865930506947807,0.029917592984789302,41.37470659403744,37.381900288497356,3.9928063055400878,0.0,0.0,1.2875505467106,0.0
330,0.9828802647126774,-0.027107931812876487,0.031127797490518343,41.37511873622168,37.382312430681594,3.9928063055400878,0.0,0.0,1.2906633264596519,0.0
331,0.9829325267506686,-0.026591774755172472,0.02449125741304883,39.664513517432,39.09411261664056,0.570400900791439,0.0,0.0,1.2931124522009567,0.0
332,0.9830001729651603,-0.02542554657190413,0.021883357313540682,40.23603249848669,38.52482979611237,1.711202702374317,0.0,0.0,1.2953007879323108,0.0
333,0.9830645748810865,-0.024143116958658964,0.01989738329810734,40.23284706218029,38.52164435980597,1.711202702374317,0.0,0.0,1.2972905262621215,0.0
334,0.9831289293859476,-0.022829157026097106,0.018399369199757223,40.231978917207385,38.52077621483306,1.711202702374317,0.0,0.0,1.2991304631820972,0.0
335,0.9831911405805032,-0.021541495693742425,0.017282033727092982,40.230766017891725,38.5195633155174,1.711202702374317,0.0,0.0,1.3008586665548065,0.0
336,0.983251247553626,-0.02031789547705644,0.018994947066127563,40.80045400024015,37.94844949628295,2.8520045039572093,0.0,0.0,1.3027581612614192,0.0
337,0.9833044543892377,-0.019458288952591066,0.020371724538912263,40.80002275263818,37.948018248680974,2.8520045039572093,0.0,0.0,1.3047953337153104,0.0
338,0.9833545766606187,-0.018873381379739353,0.021473817161211634,40.80107951385291,37.94907500989571,2.8520045039572093,0.0,0.0,1.3069427154314315,0.0
339,0.9834021151876025,-0.018493490334204866,0.02235226683948328,40.80219234123855,37.95018783728135,2.8520045039572093,0.0,0.0,1.3091779421153797,0.0
340,0.983447975797944,-0.018264571340284783,0.02558442386850724,41.37401977982833,37.381213474288245,3.9928063055400878,0.0,0.0,1.3117363845022305,0.0
341,0.9834884444445079,-0.018422016576181432,0.020501285169359937,39.66438178966804,39.0939808888766,0.570400900791439,0.0,0.0,1.3137865130191666,0.0
342,0.9835391901704637,-0.01800136718854712,0.016541970451037242,39.66710646683895,39.09670556604751,0.570400900791439,0.0,0.0,1.3154407100642704,0.0
343,0.9835922486383074,-0.017208911508116636,0.013477791978247545,39.66669730492118,39.09629640412974,0.570400900791439,0.0,0.0,1.3167884892620951,0.0
344,0.9836470156872716,-0.016196141147895773,0.011123375319399956,39.66671113623666,39.096310235445216,0.570400900791439,0.0,0.0,1.317900826794035,0.0
345,0.9837016429392669,-0.01507241797512163,0.011864139183114106,40.23690261372778,38.525699911353456,1.711202702374317,0.0,0.0,1.3190872407123464,0.0
346,0.9837519582562413,-0.014192043512769559,0.012481197135654114,40.236871684155766,38.52566898178144,1.711202702374317,0.0,0.0,1.3203353604259118,0.0
347,0.9838004160629791,-0.013506348574656392,0.012993179681253736,40.23787960098356,38.52667689860924,1.711202702374317,0.0,0.0,1.3216346783940371,0.0
348,0.9838471788842484,-0.012975731066805853,0.013416347559316637,40.23889647296507,38.527693770590744,1.711202702374317,0.0,0.0,1.3229763131499688,0.0
349,0.9838927899662885,-0.012568084990174368,0.01629990491033496,40.810528859670825,37.95852435571362,2.8520045039572093,0.0,0.0,1.3246063036410023,0.0
350,0.9839346369445153,-0.012534623704750811,0.018557504635146306,40.8118559763046,37.959851472347395,2.8520045039572093,0.0,0.0,1.326462054104517,0.0
351,0.9839749025075811,-0.012752886012484454,0.02031461545004943,40.81398802147964,37.961983517522434,2.8520045039572093,0.0,0.0,1.328493515649522,0.0
352,0.9840138272598117,-0.013131810450341298,0.014067938912323186,39.10491617490775,39.675317075699205,-0.5704009007914534,0.0,0.0,1.3299003095407542,0.0
353,0.9840609048632216,-0.012773109653155597,0.011730699560969726,39.67760553031823,39.10720462952679,0.570400900791439,0.0,0.0,1.3310733794968512,0.0
354,0.9841075425018248,-0.012210740794882729,0.00992589729572775,39.67769815225719,39.10729725146575,0.570400900791439,0.0,0.0,1.332065969226424,0.0
355,0.9841550154339672,-0.011532317168380128,0.008542637597851496,39.67869273169649,39.10829183090505,0.570400900791439,0.0,0.0,1.3329202329862093,0.0
356,0.9842021683315059,-0.010800680203720813,0.0074914761415381965,39.67941075480421,39.10900985401277,0.570400900791439,0.0,0.0,1.3336693806003632,0.0
357,0.9842488492697048,-0.010059818292350656,0.0067005555608826445,39.68026873946804,39.1098678386766,0.570400900791439,0.0,0.0,1.3343394361564516,0.0
358,0.9842948525939855,-0.009339512772374057,0.008647498679366164,40.25159027082876,38.540387568454435,1.711202702374317,0.0,0.0,1.3352041860243882,0.0
359,0.9843380131904624,-0.008936215198354849,0.010188029631909823,40.25261010728148,38.541407404907154,1.711202702374317,0.0,0.0,1.3362229889875792,0.0
360,0.9843800781825699,-0.008759702430392445,0.011400908448102763,40.25425128399509,38.543048581620766,1.711202702374317,0.0,0.0,1.3373630798323894,0.0
361,0.9844212031677495,-0.008741392873724172,0.012350680110715984,40.25586105652463,38.54465835415031,1.711202702374317,0.0,0.0,1.338598147843461,0.0
362,0.9844617390344289,-0.008829666278023016,0.015625160743420533,40.827976608648044,37.97597210469084,2.8520045039572093,0.0,0.0,1.340160663917803,0.0
363,0.9844998271037338,-0.009263422584326388,0.018168747304818787,40.829724270978936,37.97771976702173,2.8520045039572093,0.0,0.0,1.3419775386482848,0.0
364,0.9845367008544453,-0.009912831386622079,0.020131263915035873,40.83200592676877,37.98000142281157,2.8520045039572093,0.0,0.0,1.3439906650397884,0.0
365,0.9845724559690898,-0.01068319664843662,0.014028627476250177,39.123125243219846,39.6935261440113,-0.5704009007914534,0.0,0.0,1.3453935277874134,0.0
366,0.9846147472629014,-0.010674757155681006,0.01178914258840697,39.69598851243677,39.12558761164533,0.570400900791439,0.0,0.0,1.3465724420462541,0.0
367,0.9846572080736332,-0.010422599305430488,0.010047612040188857,39.696683826816866,39.126282926025425,0.570400900791439,0.0,0.0,1.347577203250273,0.0
368,0.9847007438248232,-0.010016385363457126,0.00870226738364804,39.69796914947827,39.12756824868683,0.570400900791439,0.0,0.0,1.348447429988638,0.0
369,0.9847444003860004,-0.009521699607140065,0.010205801299305033,40.26938182163298,38.55817911925866,1.711202702374317,0.0,0.0,1.3494680101185685,0.0
370,0.9847857978735954,-0.009263021406213478,0.01139324255768801,40.270449056264674,38.55924635389035,1.711202702374317,0.0,0.0,1.3506073343743374,0.0
371,0.9848263779979544,-0.009171685365598219,0.012326228293617385,40.27207244154684,38.56086973917252,1.711202702374317,0.0,0.0,1.3518399572036992,0.0
372,0.9848661982902901,-0.009195685786653933,0.013055201430729092,40.27365397021764,38.562451267843315,1.711202702374317,0.0,0.0,1.3531454773467722,0.0
373,0.98490554270782,-0.009296045239803489,0.016156406673384045,40.845724711215894,37.99372020725869,2.8520045039572093,0.0,0.0,1.3547611180141106,0.0
374,0.984942413354802,-0.009721342536593824,0.018564780885057485,40.847417864713066,37.99541336075586,2.8520045039572093,0.0,0.0,1.3566175961026163,0.0
375,0.984978099945078,-0.01034884195778934,0.012817088220728832,39.138460735668836,39.70886163646029,-0.5704009007914534,0.0,0.0,1.3578993049246892,0.0
376,0.9850197892740823,-0.010256737141939982,0.010858871259058395,39.711138003616945,39.140737102825504,0.570400900791439,0.0,0.0,1.358985192050595,0.0
377,0.9850613302099425,-0.009963675452476662,0.009339157830722939,39.71177443575643,39.14137353496499,0.570400900791439,0.0,0.0,1.3599191078336674,0.0
378,0.985103703121143,-0.009546660468871426,0.008167834707321162,39.71302746958685,39.14262656879541,0.570400900791439,0.0,0.0,1.3607358913043996,0.0
379,0.98514606113926,-0.009061716647441495,0.009807120015402898,40.28443738460359,38.57323468222927,1.711202702374317,0.0,0.0,1.36171660330594,0.0
380,0.9851861995861508,-0.008826295982177075,0.011099798814945673,40.28551214062479,38.57430943825047,1.711202702374317,0.0,0.0,1.3628265831874347,0.0
381,0.9852255240688543,-0.008766427519270073,0.012113792305970924,40.28712023092068,38.575917528546356,1.711202702374317,0.0,0.0,1.3640379624180317,0.0
382,0.9852641023053695,-0.008826256585721224,0.015439740759849524,40.85909109369091,38.0070865897337,2.8520045039572093,0.0,0.0,1.3655819364940167,0.0
383,0.9853001987201216,-0.009241599781070467,0.018024393793430547,40.86074693167977,38.00874242772257,2.8520045039572093,0.0,0.0,1.3673843758733597,0.0
384,0.9853350477420849,-0.009879973011191048,0.012414165389399023,39.15172784990887,39.72212875070033,-0.5704009007914534,0.0,0.0,1.3686257924122995,0.0
385,0.9853755216018437,-0.009811989381423632,0.01056246087208124,39.724358612813674,39.15395771202223,0.570400900791439,0.0,0.0,1.3696820384995076,0.0
386,0.9854158260635909,-0.00955114540313201,0.009124712526167422,39.72503728926938,39.15463638847794,0.570400900791439,0.0,0.0,1.3705945097521244,0.0
387,0.9854569167402166,-0.009170606192853615,0.008015969157767464,39.726300646776664,39.155899745985224,0.570400900791439,0.0,0.0,1.371396106667901,0.0
388,0.9854980064143816,-0.008723673326207892,0.009702602857486215,40.297730866216284,38.58652816384196,1.711202702374317,0.0,0.0,1.3723663669536497,0.0
389,0.9855369824127207,-0.008526020042764879,0.011030728128817838,40.29881851213044,38.587615809756116,1.711202702374317,0.0,0.0,1.3734694397665315,0.0
390,0.9855751867560202,-0.008502393871464424,0.014606031588061851,40.870815889547224,38.01881138559002,2.8520045039572093,0.0,0.0,1.3749300429253377,0.0
391,0.9856107401709264,-0.008873752791160495,0.01738767352440701,40.87237481017826,38.020370306221054,2.8520045039572093,0.0,0.0,1.3766688102777784,0.0
392,0.9856449930422052,-0.00949615269601967,0.011932260144758164,39.163298818321856,39.73369971911331,-0.5704009007914534,0.0,0.0,1.3778620362922542,0.0
393,0.9856845334397727,-0.009431260914078822,0.010201543767755995,39.73586934626313,39.16546844547169,0.570400900791439,0.0,0.0,1.3788821906690298,0.0
394,0.985723845190468,-0.009186245883054769,0.00885778611690814,39.73656726727925,39.16616636648781,0.570400900791439,0.0,0.0,1.3797679692807208,0.0
395,0.9857638762858605,-0.008829491587839463,0.007821572625475835,39.73783144676695,39.167430545975506,0.570400900791439,0.0,0.0,1.3805501265432683,0.0
396,0.985803895656018,-0.008410812108478256,0.009563755312007031,40.30927381063685,38.59807110826253,1.711202702374317,0.0,0.0,1.381506502074469,0.0
397,0.9858418820553714,-0.008243471164328893,0.010934059716756974,40.31037012980872,38.599167427434395,1.711202702374317,0.0,0.0,1.3825999080461446,0.0
398,0.9858791257259456,-0.008250442441667333,0.01454106537637102,40.88235542674988,38.03035092279268,2.8520045039572093,0.0,0.0,1.3840540145837816,0.0
399,0.9859138010162066,-0.008651571069024328,0.009740902958335587,39.17270088380436,39.743101784595815,-0.5704009007914534,0.0,0.0,1.3850281048796151,0.0
400,0.9859531122209986,-0.008468976432496665,0.00852790047611519,39.74520042857987,39.17479952778843,0.570400900791439,0.0,0.0,1.3858808949272268,0.0
401,0.9859916895101887,-0.008179914282817892,0.0075911092731466324,39.74586360029748,39.17546269950604,0.570400900791439,0.0,0.0,1.3866400058545414,0.0
402,0.9860306740399454,-0.007830012292798231,0.006873037825177836,39.74715455372406,39.17675365293262,0.570400900791439,0.0,0.0,1.387327309637059,0.0
403,0.9860694774049668,-0.00745201341933428,0.008862419413792037,40.31865171397536,38.60744901160104,1.711202702374317,0.0,0.0,1.3882135515784382,0.0
404,0.9861064018260256,-0.0073466071787528335,0.010423509883484235,40.3198145869932,38.60861188461888,1.711202702374317,0.0,0.0,1.3892559025667865,0.0
405,0.986142616243276,-0.007427507233555275,0.014176645978515997,40.89181151810906,38.039807014151855,2.8520045039572093,0.0,0.0,1.3906735671646382,0.0
406,0.9861764837927683,-0.007908000050353789,0.009487441855032763,39.18217634540637,39.75257724619782,-0.5704009007914534,0.0,0.0,1.3916223113501414,0.0
407,0.9862144989037022,-0.0078053213818343025,0.005822723749063325,39.18424265786195,39.754643558653406,-0.5704009007914534,0.0,0.0,1.3922045837250476,0.0
408,0.986253686322733,-0.007315936580506811,0.005511241913424008,39.75541928641732,39.18501838562588,0.570400900791439,0.0,0.0,1.3927557079163901,0.0
409,0.9862919559246375,-0.00686313270258147,0.005286843141035646,39.75629709959162,39.18589619880018,0.570400900791439,0.0,0.0,1.3932843922304936,0.0
410,0.9863299378884427,-0.006451165852457346,0.007663956130637351,40.327903363847724,38.6167006614734,1.711202702374317,0.0,0.0,1.3940507878435573,0.0
411,0.9863660301525906,-0.006359240715359205,0.009527861587825238,40.32906986414264,38.61786716176832,1.711202702374317,0.0,0.0,1.3950035740023399,0.0
412,0.9864014158999482,-0.0064849013909436025,0.005910685195468486,39.18986017782699,39.76026107861845,-0.5704009007914534,0.0,0.0,1.3955946425218868,0.0
413,0.9864390983286906,-0.006196005439557191,0.003092726634938985,39.19142225945241,39.761823160243864,-0.5704009007914534,0.0,0.0,1.3959039151853807,0.0
414,0.9864772880892685,-0.005640003150859635,0.0034466419023025437,39.76272157862968,39.19232067783824,0.570400900791439,0.0,0.0,1.396248579375611,0.0
415,0.9865143620995582,-0.00520311757982416,0.0037422147771394416,39.76370373731481,39.19330283652337,0.570400900791439,0.0,0.0,1.396622800853325,0.0
416,0.9865510538837884,-0.004861750443150588,0.003988059783230574,39.76499702975039,39.19459612895895,0.570400900791439,0.0,0.0,1.397021606831648,0.0
417,0.9865873355822261,-0.004596655888261912,0.006726853798773748,40.33665685857137,38.625454156197044,1.711202702374317,0.0,0.0,1.3976942922115254,0.0
418,0.9866222870295702,-0.004670097678422232,0.003796476786717509,39.197160143010954,39.76756104380241,-0.5704009007914534,0.0,0.0,1.3980739398901971,0.0
419,0.9866587878904354,-0.004411715637090788,0.004049720152459915,39.76914020829536,39.19873930750392,0.570400900791439,0.0,0.0,1.398478911905443,0.0
420,0.9866944374869107,-0.004218433598057849,0.001721007820413394,39.19977984307682,39.77018074386827,-0.5704009007914534,0.0,0.0,1.3986510126874845,0.0
421,0.9867309706152023,-0.0037977830609243115,0.0024519597522243016,39.7715712120925,39.20117031130106,0.570400900791439,0.0,0.0,1.3988962086627068,0.0
422,0.9867665287929045,-0.003518039355037655,0.0030358451362335168,39.772637404359514,39.20223650356807,0.570400900791439,0.0,0.0,1.3991997931763303,0.0
423,0.9868018801853742,-0.0033427303778693234,0.00603531209336429,40.34441880915813,38.633216106783806,1.711202702374317,0.0,0.0,1.3998033243856667,0.0
424,0.9868361830477097,-0.003521631247870133,0.00330440323301217,39.204934037135345,39.7753349379268,-0.5704009007914534,0.0,0.0,1.400133764708968,0.0
425,0.9868715927231623,-0.003375273920257363,0.00370893514081453,39.776876270066026,39.206475369274585,0.570400900791439,0.0,0.0,1.4005046582230494,0.0
426,0.9869063744061828,-0.003294427990633804,0.0014938008133354255,39.20761744028341,39.77801834107486,-0.5704009007914534,0.0,0.0,1.4006540383043828,0.0
427,0.9869418420444914,-0.0029823707858504626,0.002308984412724138,39.77941070066189,39.20900979987045,0.570400900791439,0.0,0.0,1.4008849367456553,0.0
428,0.9869765760945806,-0.002804787597843838,0.008024648755096007,40.92135283994742,38.06934833599021,2.8520045039572093,0.0,0.0,1.401687401621165,0.0
429,0.9870098754402968,-0.0032796672062293166,0.004871307783316162,39.21152510083438,39.781926001625834,-0.5704009007914534,0.0,0.0,1.4021745323994965,0.0
430,0.9870443859050977,-0.003340162930711997,0.004936461243571105,39.78356963248552,39.21316873169408,0.570400900791439,0.0,0.0,1.4026681785238537,0.0
431,0.9870784496750703,-0.0033990845470208146,0.0024498052962495668,39.214348857112945,39.7847497579044,-0.5704009007914534,0.0,0.0,1.4029131590534787,0.0
432,0.9871133146358014,-0.0031767890028764523,0.0030486963764347983,39.786145637053785,39.215744736262344,0.570400900791439,0.0,0.0,1.4032180286911222,0.0
433,0.9871475351413856,-0.0030522982341788215,-0.0015476069985132365,38.64647731496748,40.35768001734181,-1.7112027023743315,0.0,0.0,1.403063267991271,0.0
434,0.9871830300048267,-0.002441664441025225,-0.0025828470257278258,39.218235817865285,39.78863671865674,-0.5704009007914534,0.0,0.0,1.4028049832886982,0.0
435,0.9872177413604706,-0.001805674826999698,-0.00590082664384781,38.6487917367696,40.35999443914394,-1.7112027023743315,0.0,0.0,1.4022149006243134,0.0
436,0.9872525927287239,-0.0008975883795998392,-0.005923111399727163,39.220455414313925,39.79085631510538,-0.5704009007914534,0.0,0.0,1.4016225894843406,0.0
437,0.9872864395205554,-0.00011820260405745106,-0.0008370119891397852,40.36238921303352,38.651186510659194,1.711202702374317,0.0,0.0,1.4015388882854267,0.0
438,0.9873198694251477,-9.30994051650409e-06,-0.004458004212685098,38.65256672976636,40.3637694321407,-1.7112027023743315,0.0,0.0,1.4010930878641583,0.0
439,0.9873533543050258,0.0004810877327986586,-0.004735234607523313,39.2243348988803,39.794735799671756,-0.5704009007914534,0.0,0.0,1.400619564403406,0.0
440,0.9873865418201548,0.0009310805906343398,-0.007468040196805779,38.65522909142606,40.366431793800395,-1.7112027023743315,0.0,0.0,1.3998727603837255,0.0
441,0.987419370235105,0.001615906992442487,-0.007041983767995049,39.226988330512974,39.79738923130443,-0.5704009007914534,0.0,0.0,1.399168562006926,0.0
442,0.9874519779762566,0.0021550972243562947,-0.011755790796314558,38.08758849158791,40.93959299554513,-2.852004503957224,0.0,0.0,1.3979929829272946,0.0
443,0.9874835309212366,0.003133614166893261,-0.012867248661042377,38.65939430959832,40.370597011972656,-1.7112027023743315,0.0,0.0,1.3967062580611904,0.0
444,0.9875144724245853,0.004092780580680643,-0.016231040731009422,38.09062418121642,40.94262868517364,-2.852004503957224,0.0,0.0,1.3950831539880895,0.0
445,0.9875439141539579,0.005282533121736187,-0.02134735383806383,37.52188596287351,41.51469226841361,-3.992806305540102,0.0,0.0,1.392948418604283,0.0
446,0.9875707536454239,0.006861883822604413,-0.02781830309596418,36.95344682299681,42.087054930119805,-5.133608107122994,0.0,0.0,1.3901665882946868,0.0
447,0.9875933132166439,0.008923227554185795,-0.032793490950537435,36.95589574624486,42.08950385336786,-5.133608107122994,0.0,0.0,1.386887239199633,0.0
448,0.9876114064180074,0.011232831616334657,-0.03658767690829042,36.95914314597814,42.092751253101135,-5.133608107122994,0.0,0.0,1.383228471508804,0.0
449,0.9876252537215354,0.013625245610526802,-0.04198933840614024,36.392669198758824,42.6670791074647,-6.274409908705872,0.0,0.0,1.3790295376681898,0.0
450,0.9876325611104306,0.01626490246644667,-0.046103113496228997,36.3972040661524,42.671613974858275,-6.274409908705872,0.0,0.0,1.3744192263185668,0.0
451,0.987634769829757,0.018974742783231652,-0.05174127180588839,35.83254476793474,43.2477564782235,-7.415211710288765,0.0,0.0,1.369245099137978,0.0
452,0.9876286518786793,0.02191188872239902,-0.056027381289618,35.8389059420778,43.25411765236656,-7.415211710288765,0.0,0.0,1.3636423610090163,0.0
453,0.9876167654733744,0.024895087801536736,-0.05925358891038092,35.846841975840505,43.26205368612926,-7.415211710288765,0.0,0.0,1.357717002117978,0.0
454,0.9876006616475745,0.027801334877132475,-0.06165375050535539,35.85539339932228,43.27060510961104,-7.415211710288765,0.0,0.0,1.3515516270674426,0.0
455,0.9875824161041126,0.03055106259400706,-0.06594936868908963,35.29402948362653,43.85004299549817,-8.556013511871644,0.0,0.0,1.3449566901985337,0.0
456,0.9875568807891981,0.033374846538262934,-0.06918984670266827,35.303189278859975,43.859202790731615,-8.556013511871644,0.0,0.0,1.3380377055282668,0.0
457,0.9875284560172158,0.03614613639295494,-0.07160696415274767,35.31397011284779,43.86998362471943,-8.556013511871644,0.0,0.0,1.330877009112992,0.0
458,0.9874987617820312,0.0387821294417329,-0.073385619246551,35.32475854634331,43.88077205821495,-8.556013511871644,0.0,0.0,1.323538447188337,0.0
459,0.9874699102928105,0.041232289426657784,-0.07467264852173658,35.33559024705022,43.89160375892186,-8.556013511871644,0.0,0.0,1.3160711823361633,0.0
460,0.9874434252795891,0.04346951356915008,-0.07811921824527523,34.77569783989909,44.472513153353624,-9.696815313454536,0.0,0.0,1.3082592605116357,0.0
461,0.9874105686363844,0.04576150699185933,-0.08071810431792936,34.78571223164258,44.48252754509711,-9.696815313454536,0.0,0.0,1.3001874500798427,0.0
462,0.9873772432839747,0.048007279235681606,-0.08265569310530738,34.7975726068034,44.494387920257935,-9.696815313454536,0.0,0.0,1.291921880769312,0.0
463,0.9873446117080588,0.050140933390532556,-0.084080636258868,34.808929658943384,44.50574497239792,-9.696815313454536,0.0,0.0,1.2835138171434253,0.0
464,0.9873145941661353,0.05212241669625325,-0.0851109592531239,34.82008271182736,44.5168980252819,-9.696815313454536,0.0,0.0,1.275002721218113,0.0
465,0.9872883182320413,0.05393043341724872,-0.08583992001612795,34.83066664263357,44.5274819560881,-9.696815313454536,0.0,0.0,1.2664187292165001,0.0
466,0.9872666029444425,0.05555700973141234,-0.08634082786058957,34.8405897128487,44.53740502630323,-9.696815313454536,0.0,0.0,1.2577846464304412,0.0
467,0.987249889862845,0.05700337674991224,-0.08667098976342112,34.849757639866795,44.54657295332133,-9.696815313454536,0.0,0.0,1.249117547454099,0.0
468,0.9872383443429722,0.0582768806747295,-0.0868749306081835,34.858139436574845,44.55495475002938,-9.696815313454536,0.0,0.0,1.2404300543932807,0.0
469,0.9872319107845915,0.05938869376155009,-0.0895221258697521,34.29533443542037,45.132951550457804,-10.837617115037428,0.0,0.0,1.2314778418063055,0.0
470,0.987216825481499,0.06063022681598109,-0.0915404169091046,34.30217231763597,45.1397894326734,-10.837617115037428,0.0,0.0,1.222323800115395,0.0
471,0.9872009698460745,0.06191366514081262,-0.09306483710918319,34.31169187483027,45.1493089898677,-10.837617115037428,0.0,0.0,1.2130173164044769,0.0
472,0.9871850242458297,0.06317876878188997,-0.09420360651560583,34.32054676845411,45.15816388349154,-10.837617115037428,0.0,0.0,1.2035969557529163,0.0
473,0.9871708994981984,0.06438587880030062,-0.09504309738289617,34.32935509284996,45.16697220788739,-10.837617115037428,0.0,0.0,1.1940926460146266,0.0
474,0.9871595081919473,0.06551056074409814,-0.09565193355751077,34.337706269984196,45.17532338502163,-10.837617115037428,0.0,0.0,1.1845274526588756,0.0
475,0.9871515293246798,0.06653944815753299,-0.0960843799512759,34.345561867687856,45.18317898272529,-10.837617115037428,0.0,0.0,1.174919014663748,0.0
476,0.987147301326511,0.06746706593623551,-0.09638312918036707,34.3528416892173,45.19045880425473,-10.837617115037428,0.0,0.0,1.1652807017457114,0.0
477,0.9871469468143268,0.06829341706364636,-0.09658158546750302,34.35952715136949,45.19714426640692,-10.837617115037428,0.0,0.0,1.155622543198961,0.0
478,0.987150417411871,0.06902216984475662,-0.09924084413603279,33.79521860540005,45.77363752202035,-11.978418916620306,0.0,0.0,1.1456984587853578,0.0
479,0.9871417998717664,0.06993737205753524,-0.10128250363262899,33.80074029608963,45.77915921270994,-11.978418916620306,0.0,0.0,1.1355702084220949,0.0
480,0.9871307075879614,0.07094421753049482,-0.10283702251671299,33.80967084093433,45.788089757554644,-11.978418916620306,0.0,0.0,1.1252865061704236,0.0
481,0.9871180912171018,0.0719760064208858,-0.10400931082214963,33.81801680408114,45.79643572070145,-11.978418916620306,0.0,0.0,1.1148855750882085,0.0
482,0.987106312347847,0.07298719131204302,-0.10488340163669431,33.826502622806984,45.8049215394273,-11.978418916620306,0.0,0.0,1.104397234924539,0.0
483,0.9870965283292967,0.07394804899098074,-0.10806142815548572,33.264231646069376,46.38345236427257,-13.119220718203199,0.0,0.0,1.0935910921089904,0.0
484,0.9870727459198948,0.07511855975657082,-0.11049812488598777,33.2719514996168,46.39117221781999,-13.119220718203199,0.0,0.0,1.0825412796203917,0.0
485,0.9870458702190597,0.07638695529731186,-0.10981549165016652,33.85378322794375,45.832202144564064,-11.978418916620306,0.0,0.0,1.071559730455375,0.0
486,0.9870348590777138,0.07739694258985265,-0.10923826040318131,33.864600977102825,45.843019893723124,-11.978418916620306,0.0,0.0,1.0606359044150568,0.0
487,0.9870318631305371,0.07819760321164601,-0.108752411968215,33.8711487628169,45.849567679437214,-11.978418916620306,0.0,0.0,1.0497606632182352,0.0
488,0.987036918388191,0.07882929339273348,-0.1108803840160879,33.30687980311978,46.42610052132297,-13.119220718203199,0.0,0.0,1.0386726248166265,0.0
489,0.9870301254958488,0.07960317685255405,-0.11251236609633167,33.31179793479456,46.43101865299776,-13.119220718203199,0.0,0.0,1.0274213882069934,0.0
490,0.9870218386562973,0.08044417295472926,-0.1137534147213523,33.32048662089756,46.43970733910076,-13.119220718203199,0.0,0.0,1.0160460467348582,0.0
491,0.9870124765833197,0.08129969292256853,-0.1146879554348751,33.32836812222306,46.447588840426256,-13.119220718203199,0.0,0.0,1.0045772511913706,0.0
492,0.9870042780110091,0.0821340087146479,-0.1179186890393546,32.76597281742922,47.0259953372153,-14.260022519786077,0.0,0.0,0.9927853822874352,0.0
493,0.9869794644013355,0.08320201307134242,-0.12040100752007629,32.7735841142036,47.03360663398968,-14.260022519786077,0.0,0.0,0.9807452815354275,0.0
494,0.9869505010652614,0.08438764695165364,-0.12229273447446297,32.785477927190264,47.04550044697634,-14.260022519786077,0.0,0.0,0.9685160080879812,0.0
495,0.9869192081501017,0.08560908412154947,-0.12372082758178644,32.79676214970882,47.056784669494895,-14.260022519786077,0.0,0.0,0.9561439253298025,0.0
496,0.9868889064932689,0.08681026765829143,-0.12225190269622266,33.37863034160772,46.49785105981091,-13.119220718203199,0.0,0.0,0.9439187350601803,0.0
497,0.9868811338785857,0.08767645639304897,-0.12360071176615411,32.819231110261875,47.07925363004795,-14.260022519786077,0.0,0.0,0.9315586638835649,0.0
498,0.9868647542333268,0.08856532497805106,-0.1246181502806212,32.82470353131011,47.08472605109618,-14.260022519786077,0.0,0.0,0.9190968488555028,0.0
499,0.9868514577945273,0.08943714028674335,-0.12537705590415374,32.834588804039846,47.09461132382592,-14.260022519786077,0.0,0.0,0.9065591432650875,0.0
500,0.9868398592509968,0.09026605673343599,-0.12593549455190545,32.84284922031655,47.10287174010263,-14.260022519786077,0.0,0.0,0.8939655938098969,0.0
501,0.9868315985514529,0.09103631139619602,-0.12633957755760047,32.850999282693735,47.11102180247981,-14.260022519786077,0.0,0.0,0.8813316360541369,0.0
502,0.9868269367738468,0.09173949833691016,-0.12916085478853379,32.2880879031595,47.68891222452847,-15.400824321368969,0.0,0.0,0.8684155505752835,0.0
503,0.9868052100896714,0.09265039420847429,-0.13132949635986538,32.29501380921969,47.69583813058866,-15.400824321368969,0.0,0.0,0.855282600939297,0.0
504,0.986779675333978,0.0936671851835133,-0.1329829996710195,32.30657669745811,47.707401018827085,-15.400824321368969,0.0,0.0,0.841984300972195,0.0
505,0.9867518684961426,0.0947180274614844,-0.13423198436254494,32.317397880296916,47.71822220166589,-15.400824321368969,0.0,0.0,0.8285611025359405,0.0
506,0.9867251067074014,0.09575360809279068,-0.13262999378602663,32.89882108072982,47.158843600515894,-14.260022519786077,0.0,0.0,0.8152981031573379,0.0
507,0.9867228752319809,0.0964635696761786,-0.13134624931595357,32.90936829077786,47.16939081056394,-14.260022519786077,0.0,0.0,0.8021634782257425,0.0
508,0.9867325332929607,0.09693020392028329,-0.1277867284407851,33.48428944393433,46.603510162137525,-13.119220718203199,0.0,0.0,0.789384805381664,0.0
509,0.9867749469485824,0.09693932138464187,-0.12246600913284597,34.05868641529227,46.037105331912585,-11.978418916620306,0.0,0.0,0.7771382044683794,0.0
510,0.9868542333137151,0.0963643515918679,-0.11832718641001562,34.055661334010566,46.034080250630865,-11.978418916620306,0.0,0.0,0.7653054858273779,0.0
511,0.9869513945150353,0.09541968800913421,-0.11259371752605954,34.617054892424115,45.45467200746155,-10.837617115037428,0.0,0.0,0.754046114074772,0.0
512,0.9870804059657383,0.09398401379958998,-0.10816853706684043,34.607217531349825,45.44483464638726,-10.837617115037428,0.0,0.0,0.7432292603680879,0.0
513,0.9872189215799297,0.09227199441527775,-0.1022436451376049,35.161541486614674,44.85835680006921,-9.696815313454536,0.0,0.0,0.7330048958543274,0.0
514,0.9873815514469021,0.09015902423208734,-0.09769751140289981,35.14620426734715,44.84301958080169,-9.696815313454536,0.0,0.0,0.7232351447140374,0.0
515,0.987546509710385,0.08785435632984101,-0.09170322936851767,35.69610848709121,44.25212199896285,-8.556013511871644,0.0,0.0,0.7140648217771857,0.0
516,0.9877284322144924,0.08522663864798069,-0.0871247542405475,35.67735865306251,44.23337216493415,-8.556013511871644,0.0,0.0,0.7053523463531309,0.0
517,0.9879069089285323,0.08247785716694891,-0.0836592546514487,35.65450963727673,44.21052314914837,-8.556013511871644,0.0,0.0,0.696986420887986,0.0
518,0.9880776249905225,0.07974745065016492,-0.07852876316181107,36.204530155504656,43.619741865793415,-7.415211710288765,0.0,0.0,0.6891335445718049,0.0
519,0.9882543245195633,0.07684976486718172,-0.07463777990288496,36.185659998915824,43.60087170920458,-7.415211710288765,0.0,0.0,0.6816697665815163,0.0
520,0.9884218187642597,0.07394492202654052,-0.06918188370424566,36.734830461386316,43.00924037009219,-6.274409908705872,0.0,0.0,0.6747515782110918,0.0
521,0.9885949066496388,0.07086186476898333,-0.06504427325902433,36.716415943734155,42.99082585244003,-6.274409908705872,0.0,0.0,0.6682471508851894,0.0
522,0.988758091648831,0.06777097733019671,-0.06193854275465004,36.695595943534215,42.97000585224009,-6.274409908705872,0.0,0.0,0.6620532966097243,0.0
523,0.9889095258966095,0.06478652897512355,-0.05963573667243785,36.67772943644965,42.95213934515553,-6.274409908705872,0.0,0.0,0.6560897229424806,0.0
524,0.9890469196421692,0.061981180131965206,-0.05541847929241845,37.23213551226738,42.36574361939037,-5.133608107122994,0.0,0.0,0.6505478750132387,0.0
525,0.9891844470122975,0.05911850702795021,-0.05224082430677261,37.21840704083424,42.35201514795723,-5.133608107122994,0.0,0.0,0.6453237925825615,0.0
526,0.9893116880986372,0.05632092389095312,-0.04987387737729515,37.20317234935197,42.33678045647497,-5.133608107122994,0.0,0.0,0.6403364048448319,0.0
527,0.9894284742426581,0.053667991531166144,-0.04813514678002756,37.190458970730546,42.32406707785354,-5.133608107122994,0.0,0.0,0.6355228901668292,0.0
528,0.9895338505243676,0.05120775773622093,-0.04687977517894848,37.179272306237976,42.31288041336097,-5.133608107122994,0.0,0.0,0.6308349126489343,0.0
529,0.9896283757041339,0.04896542877927142,-0.04345821657040305,37.74024082574196,41.733047131282056,-3.992806305540102,0.0,0.0,0.626489090991894,0.0
530,0.9897240623768301,0.046671253986217374,0.19488669275074513,90.77961674472346,-11.322144496944816,102.10176124166827,0.0,0.0,0.6459777602669685,0.0
531,0.9908035518419219,0.01849828960460235,0.38018214390211863,90.77028556333761,-11.33147567833067,102.10176124166829,0.0,0.0,0.6839959746571804,0.0
532,0.9910996113757625,-0.026027665396628645,0.5232688469439936,90.51458008841331,-11.587181153254953,102.10176124166826,0.0,0.0,0.7363228593515798,0.0
533,0.9895900579341158,-0.079891619378364,0.6329242759727535,90.55296434577446,-11.548796895893801,102.10176124166826,0.0,0.0,0.7996152869488552,0.0
534,0.9857005382373037,-0.1379445600156876,0.7162390932473642,90.96516363060314,-11.136597611065127,102.10176124166827,0.0,0.0,0.8712391962735916,0.0
535,0.979438094027133,-0.19646337464903554,0.7789316520607545,91.79373794152283,-10.308023300145436,102.10176124166827,0.0,0.0,0.9491323614796671,0.0
536,0.9711698025294032,-0.25285370194104057,0.8256017279467982,92.98067797737076,-9.121083264297518,102.10176124166827,0.0,0.0,1.0316925342743468,0.0
537,0.9614582193528014,-0.3054192191160043,0.8523271761968529,92.72471882714709,-5.954637009772512,98.6793558369196,0.0,0.0,1.116925251894032,0.0
538,0.9511237796386688,-0.35235610625838454,0.8611922888667333,92.06345275868239,-2.0526958719056765,94.11614863058807,0.0,0.0,1.2030444807807052,0.0
539,0.9410082410484247,-0.3924713869969072,0.8538752656295769,90.84833797577882,2.4361983531051834,88.41213962267364,0.0,0.0,1.288432007343663,0.0
540,0.9319010463205225,-0.4250592601845589,0.8342425779839583,89.52127002744515,6.813139412685935,82.70813061475921,0.0,0.0,1.371856265142059,0.0
541,0.9243677326834847,-0.45004309274772053,0.8078398656612802,88.53896072407025,10.394037315642606,78.14492340842764,0.0,0.0,1.452640251708187,0.0
542,0.9186515146059342,-0.4680081021277885,0.7738921010986891,86.69738129024053,14.256466889727292,72.44091440051324,0.0,0.0,1.5300294618180559,0.0
543,0.9149491368003695,-0.4793999485777612,0.7368318593650308,85.13217508545563,17.254467891273954,67.87770719418168,0.0,0.0,1.603712647754559,0.0
544,0.9131415009894367,-0.48506036419353415,0.6975449065482701,83.2470695575258,19.932569569675664,63.31449998785014,0.0,0.0,1.673467138409386,0.0
545,0.9130683961037989,-0.48576911191813743,0.656688587236097,81.09056637604203,22.33927359452344,58.7512927815186,0.0,0.0,1.7391359971329956,0.0
546,0.914504808406028,-0.482224861872999,0.6172834500247546,79.26034211593199,23.93145473916205,55.32888737676994,0.0,0.0,1.800864342135471,0.0
547,0.9170986402737709,-0.47529334662435474,0.5791238671824197,77.22547344523358,25.3189914732123,51.90648197202128,0.0,0.0,1.8587767288537131,0.0
548,0.9205756469717303,-0.46565249779451295,0.5394928449945123,74.48050378521813,27.137229019528377,47.343274765689756,0.0,0.0,1.9127260133531643,0.0
549,0.9247975582230789,-0.4535742453150214,0.503865987600556,72.7695456724338,27.707874509909836,45.06167116252395,0.0,0.0,1.9631126121132199,0.0
550,0.929382164747346,-0.43983285821447987,0.4688917529828884,70.38816704790673,28.748901290131435,41.639265757775306,0.0,0.0,2.010001787411509,0.0
551,0.9342302967372957,-0.42472140451898993,0.43448020814547667,67.98831275722681,29.771452404200133,38.216860353026675,0.0,0.0,2.0534498082260564,0.0
552,0.9392022891913478,-0.4084732653976059,0.4030893397137854,66.12682346221456,30.19156671235367,35.93525674986088,0.0,0.0,2.093758742197435,0.0
553,0.9441103144167938,-0.3915362860188202,0.37409097395764096,64.25823560151795,30.60458245482281,33.653653146695135,0.0,0.0,2.131167839593199,0.0
554,0.9488582657315733,-0.3742236165987276,0.3469844436897559,62.41557158177037,31.04352203824103,31.372049543529346,0.0,0.0,2.1658662839621745,0.0
555,0.9533809896071297,-0.3567512116983888,0.32137092229870456,60.60415534117145,31.513709400807855,29.09044594036359,0.0,0.0,2.198003376192045,0.0
556,0.9576447705819869,-0.33926369533440986,0.29946845160544755,59.40117810816527,31.451533969384585,27.949644138780684,0.0,0.0,2.22795022135259,0.0
557,0.9615570209125821,-0.32212387230102196,0.27792688193207316,57.66788106513272,31.999840529517794,25.668040535614928,0.0,0.0,2.255742909545797,0.0
558,0.9651778353347816,-0.3052884845933329,0.2591984582815134,56.565017168721916,32.03777843468989,24.527238734032025,0.0,0.0,2.2816627553739486,0.0
559,0.9684515417227032,-0.2889882153616586,0.24012029826116033,54.92764787698128,32.68201274611501,22.24563513086627,0.0,0.0,2.3056747852000647,0.0
560,0.9714586628747455,-0.273083792370523,0.22329426594572882,53.91667605056804,32.81184272128468,21.10483332928336,0.0,0.0,2.328004211794638,0.0
561,0.9741621866089923,-0.2577407055862514,0.20821229113827042,52.936136169120815,32.97210464142033,19.96403152770048,0.0,0.0,2.348825440908465,0.0
562,0.9765831222128164,-0.24304844153647348,0.19447298696809956,52.00348535666738,33.18025563054978,18.823229726117603,0.0,0.0,2.368272739605275,0.0
563,0.9787398951694143,-0.22904355962557832,0.1817600517006491,51.10991136723821,33.42748344270349,17.682427924534725,0.0,0.0,2.3864487447753397,0.0
564,0.9806583718815672,-0.21572569145160375,0.16982535494642864,50.253040840095,33.71141471714316,16.541626122951847,0.0,0.0,2.4034312802699827,0.0
565,0.9823644032606766,-0.2030698311403692,0.15847513732611795,49.42836887098433,34.02754454961536,15.400824321368969,0.0,0.0,2.4192787940025946,0.0
566,0.9838831429261289,-0.19103533705465203,0.1475589133906365,48.63212559500048,34.37210307521442,14.260022519786062,0.0,0.0,2.434034685341658,0.0
567,0.9852376664544732,-0.1795725358660405,0.13696051764682496,47.86070134429385,34.74148062609067,13.119220718203184,0.0,0.0,2.447730737106341,0.0
568,0.9864485923389007,-0.1686274652190296,0.12912601805479795,47.68132559552576,34.56210487732258,13.119220718203184,0.0,0.0,2.4606433389118205,0.0
569,0.9874954512150965,-0.15842307343677897,0.12088922920196242,46.95042128029242,34.97200236367213,11.978418916620278,0.0,0.0,2.4727322618320167,0.0
570,0.9884258511582238,-0.1488039143778928,0.11484951421674426,46.81605142407868,34.837632507458366,11.978418916620306,0.0,0.0,2.4842172132536913,0.0
571,0.9892231077944337,-0.13992337439495206,0.10796352554552702,46.12352349954588,35.28590638450848,10.8376171150374,0.0,0.0,2.495013565808244,0.0
572,0.9899333217451279,-0.13157888856774677,0.1003936118515289,45.45223688011748,35.75542156666296,9.696815313454522,0.0,0.0,2.5050529269933968,0.0
573,0.9905718542944425,-0.12361560262598058,0.09480816449844356,45.35944239519233,35.66262708173781,9.696815313454522,0.0,0.0,2.5145337434432413,0.0
574,0.991125600934054,-0.1161949377255029,0.08821785660987669,44.70514382499446,36.14913031312282,8.556013511871644,0.0,0.0,2.523355529104229,0.0
575,0.9916269924346145,-0.10912622184799452,0.08336192674226017,44.63499761955602,36.07898410768438,8.556013511871644,0.0,0.0,2.5316917217784547,0.0
576,0.9920605138622715,-0.10254842721428221,0.07984254685677343,44.56921091215973,36.01319740028809,8.556013511871644,0.0,0.0,2.539675976464132,0.0
577,0.9924326426537139,-0.09653683640141958,0.07481007189672582,43.94453854757895,36.52932683729022,7.415211710288736,0.0,0.0,2.547156983653805,0.0
578,0.9927701303829739,-0.0908419552933903,0.07111547795501029,43.89864217115719,36.48343046086843,7.415211710288765,0.0,0.0,2.554268531449306,0.0
579,0.9930620801314219,-0.08556493089786094,0.0659149796954335,43.2846971520035,37.01028724329764,6.274409908705858,0.0,0.0,2.560860029418849,0.0
580,0.9933329577462563,-0.08047862608463298,0.062063254809730524,43.24892744775178,36.97451753904592,6.274409908705858,0.0,0.0,2.567066354899822,0.0
581,0.9935698554049112,-0.07570387747990924,0.05925373606824775,43.21373654001487,36.93932663130901,6.274409908705858,0.0,0.0,2.572991728506647,0.0
582,0.9937757706002783,-0.07131028695253676,0.05470843900960286,42.61441405834069,37.48080595121771,5.1336081071229795,0.0,0.0,2.578462572407607,0.0
583,0.9939684604216565,-0.06705079229662661,0.05133434334300203,42.58973714006425,37.45612903294127,5.1336081071229795,0.0,0.0,2.5835960067419075,0.0
584,0.9941379386735064,-0.06303509098926949,0.048866345327455235,42.56517197404558,37.4315638669226,5.1336081071229795,0.0,0.0,2.588482641274653,0.0
585,0.9942860738131086,-0.05932778760352435,0.04709422825495443,42.54500242388418,37.411394316761196,5.1336081071229795,0.0,0.0,2.5931920641001485,0.0
586,0.9944136669820475,-0.05596101109533494,0.0433169769882267,41.95737252647061,37.964566220930536,3.992806305540073,0.0,0.0,2.5975237617989713,0.0
587,0.9945357635826668,-0.05266386437372428,0.04050283336421592,41.94308091470509,37.95027460916502,3.992806305540073,0.0,0.0,2.601574045135393,0.0
588,0.994644219374745,-0.049532585776090994,0.03843525120047424,41.92804819965282,37.93524189411272,3.992806305540102,0.0,0.0,2.6054175702554403,0.0
589,0.9947401773593189,-0.04662559010029651,0.03694227234924039,41.91582180200783,37.923015496467755,3.992806305540073,0.0,0.0,2.6091117974903644,0.0
590,0.9948237514855047,-0.04397388959122475,0.035887990737059346,41.905307796392535,37.912501490852435,3.992806305540102,0.0,0.0,2.6127005965640704,0.0
591,0.9948962093274366,-0.041589019492305444,0.03263043725574541,41.32619728676925,38.47419278281206,2.852004503957195,0.0,0.0,2.615963640289645,0.0
592,0.9949683562355703,-0.039188816491687754,0.030184544250575755,41.31899213424114,38.46698763028395,2.852004503957195,0.0,0.0,2.6189820947147027,0.0
593,0.9950338565684369,-0.03686517259585677,0.02837052100636927,41.31071701328312,38.45871250932593,2.852004503957195,0.0,0.0,2.62181914681534,0.0
594,0.995093093350378,-0.03467682865754673,0.02704515246333591,41.30403969259563,38.45203518863844,2.852004503957195,0.0,0.0,2.6245236620616734,0.0
595,0.9951457037352153,-0.03265822500977593,0.026094881454484,41.298233983721836,38.44622947976462,2.852004503957224,0.0,0.0,2.627133150207122,0.0
596,0.995192208234206,-0.03082628241602046,0.02543011438783329,41.293432213839004,38.441427709881815,2.852004503957195,0.0,0.0,2.6296761616459055,0.0
597,0.9952332166885091,-0.029185580699625978,0.024980540604173325,41.289471023457956,38.43746651950077,2.852004503957195,0.0,0.0,2.6321742157063226,0.0
598,0.99526944390981,-0.027732270574136596,0.024691302354239338,41.28625275143701,38.43424824747979,2.852004503957224,0.0,0.0,2.6346433459417464,0.0
599,0.9953015809032479,-0.02645699802048495,0.021984756669215115,40.71326116879574,39.00205846642142,1.711202702374317,0.0,0.0,2.6368418216086678,0.0
600,0.9953363008731122,-0.025066705314041905,0.019926642971860517,40.71119885211472,38.9999961497404,1.711202702374317,0.0,0.0,2.638834485905854,0.0
601,0.9953693683421461,-0.023649704669172614,0.018377106029969458,40.70806440855589,38.99686170618157,1.711202702374317,0.0,0.0,2.640672196508851,0.0
602,0.9954006706989001,-0.02226608159707072,0.0172241184138439,40.70558485411278,38.994382151738456,1.711202702374317,0.0,0.0,2.6423946083502354,0.0
603,0.9954296294672266,-0.020954858590975782,0.01637833245472669,40.70336567647819,38.99216297410387,1.711202702374317,0.0,0.0,2.644032441595708,0.0
604,0.9954562507105018,-0.019739543173023684,0.01576881690996173,40.70154140533838,38.99033870296406,1.711202702374317,0.0,0.0,2.6456093232867044,0.0
605,0.995480641411485,-0.01863240553240147,0.015339535763477755,40.70005384599696,38.98885114362264,1.711202702374317,0.0,0.0,2.6471432768630523,0.0
606,0.9955030202243456,-0.017637748166696953,0.01504645237648364,40.69887797437296,38.98767527199864,1.711202702374317,0.0,0.0,2.6486479221007007,0.0
607,0.9955236328679078,-0.01675438329644642,0.014855156684396761,40.69797083114395,38.986768128769626,1.711202702374317,0.0,0.0,2.6501334377691403,0.0
608,0.9955427269973002,-0.015977490103545565,0.014738928444038948,40.6972937351055,38.986091032731174,1.711202702374317,0.0,0.0,2.6516073306135444,0.0
609,0.9955605321448702,-0.015299989645944163,0.014677162422185967,40.69681010361498,38.98560740124066,1.711202702374317,0.0,0.0,2.653075046855763,0.0
610,0.9955772523591065,-0.014713547100575356,0.012118977743691282,40.126087062797836,39.555686162006396,0.570400900791439,0.0,0.0,2.6542869446301323,0.0
611,0.9955964208817332,-0.013928854581988396,0.010150893106302083,40.12589889781619,39.55549799702475,0.570400900791439,0.0,0.0,2.6553020339407625,0.0
612,0.9956155423384317,-0.013039819236299785,0.008649084870778534,40.124980578142306,39.554579677350866,0.570400900791439,0.0,0.0,2.6561669424278405,0.0
613,0.9956343662153933,-0.012113085715984405,0.00751378480121822,40.12430929506111,39.55390839426967,0.570400900791439,0.0,0.0,2.656918320907962,0.0
614,0.9956524212333948,-0.011194638042391075,0.006664938164937859,40.1236982883829,39.553297387591456,0.570400900791439,0.0,0.0,2.657584814724456,0.0
615,0.9956695930145258,-0.010314963860855834,0.006038584705164568,40.12324071096196,39.55283981017052,0.570400900791439,0.0,0.0,2.658188673194972,0.0
616,0.9956858557140461,-0.009493072989373874,0.005583853221727574,40.122918470972095,39.552517570180655,0.570400900791439,0.0,0.0,2.658747058517145,0.0
617,0.9957012697354696,-0.008739602854604032,0.005260476044480922,40.1227270463481,39.55232614555666,0.570400900791439,0.0,0.0,2.659273106121593,0.0
618,0.9957159279055627,-0.008059200517483748,0.005036741382306401,40.122649176076536,39.552248275285095,0.570400900791439,0.0,0.0,2.659776780259824,0.0
619,0.995729935626024,-0.007452334178192047,0.0048878129168325015,40.12266807174281,39.55226717095137,0.570400900791439,0.0,0.0,2.660265561551507,0.0
620,0.9957433955514251,-0.006916657201456493,0.004794356039609414,40.122766990823806,39.552366090032365,0.570400900791439,0.0,0.0,2.6607449971554678,0.0
621,0.995756400691457,-0.006448023201508684,0.004741419079690394,40.12293108374393,39.55253018295249,0.570400900791439,0.0,0.0,2.6612191390634368,0.0
622,0.9957690313669886,-0.006041230783175464,0.004717525716528719,40.123147590930344,39.5527466901389,0.570400900791439,0.0,0.0,2.6616908916350894,0.0
623,0.9957813548280302,-0.005690560338183081,0.004713941613680092,40.12340592036714,39.5530050195757,0.570400900791439,0.0,0.0,2.6621622857964575,0.0
624,0.9957934261842616,-0.005390152196740035,0.004724084224128955,40.12369744524588,39.55329654445444,0.570400900791439,0.0,0.0,2.6626346942188706,0.0
625,0.9958052899491631,-0.0051342648811140736,0.004743049801131412,40.12401523920006,39.55361433840862,0.570400900791439,0.0,0.0,2.663108999198984,0.0
626,0.995816981743023,-0.004917443740781928,0.00476723599046787,40.12435378862325,39.55395288783181,0.570400900791439,0.0,0.0,2.6635857227980306,0.0
627,0.9958285299190132,-0.004734623484367252,0.004794042069017597,40.1247087257769,39.55430782498546,0.570400900791439,0.0,0.0,2.6640651270049323,0.0
628,0.9958399569985376,-0.004581182743954171,0.004821632013062908,40.12507659620586,39.55467569541442,0.570400900791439,0.0,0.0,2.6645472902062384,0.0
629,0.9958512808787483,-0.004452964549444273,0.0048487482035209535,40.1254546654245,39.55505376463306,0.570400900791439,0.0,0.0,2.6650321650265907,0.0
630,0.9958625158160794,-0.0043462732377617525,0.004874565773005731,40.12584076288488,39.555439862093436,0.570400900791439,0.0,0.0,2.665519621603891,0.0
631,0.995873673209803,-0.004257855696109104,0.004898579432578713,40.12623315866513,39.55583225787369,0.570400900791439,0.0,0.0,2.666009479547149,0.0
632,0.9958847622169616,-0.004184872794785807,0.004920516138502147,40.126630467362446,39.556229566571005,0.570400900791439,0.0,0.0,2.666501531160999,0.0
633,0.9958957902304154,-0.004124865284936405,0.004940268218810668,40.12703157383667,39.55663067304523,0.570400900791439,0.0,0.0,2.66699555798288,0.0
634,0.9959067632486598,-0.0040757172239703305,0.004957842617406471,40.12743557607388,39.55703467528244,0.570400900791439,0.0,0.0,2.6674913422446207,0.0
635,0.9959176861616338,-0.0040356190687076765,0.004973322765354861,40.12784174123384,39.557440840442396,0.570400900791439,0.0,0.0,2.667988674521156,0.0
636,0.9959285629721227,-0.004003031881117366,0.004986840285733385,40.12824947173395,39.55784857094251,0.570400900791439,0.0,0.0,2.6684873585497293,0.0
637,0.9959393969681491,-0.003976653573793962,0.004998554305888693,40.128658278923055,39.558257378131614,0.570400900791439,0.0,0.0,2.6689872139803184,0.0
638,0.9959501908581724,-0.003955387742148093,0.005008636611441237,40.12906776248127,39.55866686168983,0.570400900791439,0.0,0.0,2.6694880776414625,0.0
